--
-- PostgreSQL database dump
--

-- Dumped from database version 12.3
-- Dumped by pg_dump version 12.3

SET statement_timeout = 0;
SET lock_timeout = 0;
SET idle_in_transaction_session_timeout = 0;
SET client_encoding = 'UTF8';
SET standard_conforming_strings = on;
SELECT pg_catalog.set_config('search_path', '', false);
SET check_function_bodies = false;
SET xmloption = content;
SET client_min_messages = warning;
SET row_security = off;

--
-- Data for Name: category; Type: TABLE DATA; Schema: public; Owner: postgres
--

INSERT INTO public.category (category_id, category_name, lower_age, upper_age, gender) VALUES (2001, 'Pain/Fever', '16', '100', 'A');
INSERT INTO public.category (category_id, category_name, lower_age, upper_age, gender) VALUES (2002, 'Cold/ Cough', '16', '100', 'A');
INSERT INTO public.category (category_id, category_name, lower_age, upper_age, gender) VALUES (2003, 'Digestive Health', '16', '100', 'A');
INSERT INTO public.category (category_id, category_name, lower_age, upper_age, gender) VALUES (2004, 'Feminine Health', '16', '100', 'F');
INSERT INTO public.category (category_id, category_name, lower_age, upper_age, gender) VALUES (2005, 'Skin Care', '16', '100', 'A');
INSERT INTO public.category (category_id, category_name, lower_age, upper_age, gender) VALUES (2006, 'Supplements', '16', '100', 'A');
INSERT INTO public.category (category_id, category_name, lower_age, upper_age, gender) VALUES (2007, 'Hygiene/Other', '16', '100', 'A');
INSERT INTO public.category (category_id, category_name, lower_age, upper_age, gender) VALUES (2008, 'Men''s Health', '16', '100', 'M');
INSERT INTO public.category (category_id, category_name, lower_age, upper_age, gender) VALUES (2009, 'Kids', '3', '15', 'A');
INSERT INTO public.category (category_id, category_name, lower_age, upper_age, gender) VALUES (2010, 'Allergy/Congestion', '16', '100', 'A');


--
-- Data for Name: medicine; Type: TABLE DATA; Schema: public; Owner: postgres
--

INSERT INTO public.medicine (medicine_id, medicine_name, medicine_desc) VALUES (1001, 'Ibuprofen 200 mg', 'Pain/Fever Reliever');
INSERT INTO public.medicine (medicine_id, medicine_name, medicine_desc) VALUES (1002, 'Acetaminophen 325mg', 'Pain/Fever Reliever');
INSERT INTO public.medicine (medicine_id, medicine_name, medicine_desc) VALUES (1003, 'Pediatric Acetaminophen 2.6g', 'Pain/Fever Reliever');
INSERT INTO public.medicine (medicine_id, medicine_name, medicine_desc) VALUES (1004, 'Naxproxen 200mg', 'Pain/Fever Reliever');
INSERT INTO public.medicine (medicine_id, medicine_name, medicine_desc) VALUES (1005, 'Aspirin 81 mg EC', 'Pain/Fever Reliever');
INSERT INTO public.medicine (medicine_id, medicine_name, medicine_desc) VALUES (1006, 'Aspirin 325 mg', 'Pain/Fever Reliever');
INSERT INTO public.medicine (medicine_id, medicine_name, medicine_desc) VALUES (1007, 'Asprin for Kids', 'Pain/Fever Reliever');
INSERT INTO public.medicine (medicine_id, medicine_name, medicine_desc) VALUES (1008, 'Bengay Cream 2 oz', 'Ultra Strength Pain Relieving cream');
INSERT INTO public.medicine (medicine_id, medicine_name, medicine_desc) VALUES (1009, 'Tiger Balm 2 oz', 'Pain Relieving Ointment');
INSERT INTO public.medicine (medicine_id, medicine_name, medicine_desc) VALUES (1010, 'Tiger Balm Patch 2 oz', 'Pain Relieving Patch');
INSERT INTO public.medicine (medicine_id, medicine_name, medicine_desc) VALUES (1011, 'Diphenhydramine 25g', 'Allergy Relief');
INSERT INTO public.medicine (medicine_id, medicine_name, medicine_desc) VALUES (1012, 'Loratidine 10mg', 'Hayfever and Allergy Relief');
INSERT INTO public.medicine (medicine_id, medicine_name, medicine_desc) VALUES (1013, 'Loratadine D', 'Congestion Allergy Relief');
INSERT INTO public.medicine (medicine_id, medicine_name, medicine_desc) VALUES (1014, 'Cetirzine 10 mg', 'Allergy Relief');
INSERT INTO public.medicine (medicine_id, medicine_name, medicine_desc) VALUES (1015, 'Psuefoephedrine 30 mg', 'Nasal Decongestant');
INSERT INTO public.medicine (medicine_id, medicine_name, medicine_desc) VALUES (1016, 'Psuefoephedrine 12HR', '12 hr Nasal Decongestant');
INSERT INTO public.medicine (medicine_id, medicine_name, medicine_desc) VALUES (1017, 'Oxymetazoline Nasal Spray', 'Nasal Spray for sinus');
INSERT INTO public.medicine (medicine_id, medicine_name, medicine_desc) VALUES (1018, 'Saline Nasal Spray', 'Natural Nasal Spray');
INSERT INTO public.medicine (medicine_id, medicine_name, medicine_desc) VALUES (1019, 'Fexofendanine / antihistamine 30mg', 'Allergy Relief fror Kids');
INSERT INTO public.medicine (medicine_id, medicine_name, medicine_desc) VALUES (1020, 'AZO', 'Uninary Pain Relief');
INSERT INTO public.medicine (medicine_id, medicine_name, medicine_desc) VALUES (1021, 'Clotrimazole Vaginal 7 day', 'Antifungal Vaginal Cream');
INSERT INTO public.medicine (medicine_id, medicine_name, medicine_desc) VALUES (1022, 'Miconazole Vaginal 7 day', 'Antifungal Ointment');
INSERT INTO public.medicine (medicine_id, medicine_name, medicine_desc) VALUES (1023, 'Clotrimazole Vaginal 3 day', 'Antifungal Cream');
INSERT INTO public.medicine (medicine_id, medicine_name, medicine_desc) VALUES (1024, 'Midol', 'Menstral Pain Relief System');
INSERT INTO public.medicine (medicine_id, medicine_name, medicine_desc) VALUES (1025, 'Tampax Super', 'Tampons Super Flow');
INSERT INTO public.medicine (medicine_id, medicine_name, medicine_desc) VALUES (1026, 'Tampax Pearl', 'Tampons Regular Flow');
INSERT INTO public.medicine (medicine_id, medicine_name, medicine_desc) VALUES (1027, 'Preganacy test', 'Preganacy test');
INSERT INTO public.medicine (medicine_id, medicine_name, medicine_desc) VALUES (1028, 'Advil Cold & Sinus', 'Sinus Congestion & pain');
INSERT INTO public.medicine (medicine_id, medicine_name, medicine_desc) VALUES (1029, 'Dexamethorphan 3 oz', 'Cough Relief');
INSERT INTO public.medicine (medicine_id, medicine_name, medicine_desc) VALUES (1030, 'Generiz Robitussin 8 oz', 'Cough and Chest Congestion');
INSERT INTO public.medicine (medicine_id, medicine_name, medicine_desc) VALUES (1031, 'Generiz Robitussin DM 4 oz', 'Cough and Chest Congestion');
INSERT INTO public.medicine (medicine_id, medicine_name, medicine_desc) VALUES (1032, 'Mucinex', 'Chest Congestion Expectorant');
INSERT INTO public.medicine (medicine_id, medicine_name, medicine_desc) VALUES (1033, 'Generic Mucinex DM', 'Expectorant & Cough Supression');
INSERT INTO public.medicine (medicine_id, medicine_name, medicine_desc) VALUES (1034, 'Generic Mucinex D', 'Expectorant');
INSERT INTO public.medicine (medicine_id, medicine_name, medicine_desc) VALUES (1035, 'Cough Drops', 'Sore Throat and Cough');
INSERT INTO public.medicine (medicine_id, medicine_name, medicine_desc) VALUES (1036, 'Sore Throat Lozenges', 'Sore Throat and Cough');
INSERT INTO public.medicine (medicine_id, medicine_name, medicine_desc) VALUES (1037, 'Chloraseptic Spray', 'Sore Throat Spray');
INSERT INTO public.medicine (medicine_id, medicine_name, medicine_desc) VALUES (1038, 'Generic NyQuil Cap', 'Nighttime Multi-symptom cold & flu');
INSERT INTO public.medicine (medicine_id, medicine_name, medicine_desc) VALUES (1039, 'Generic DayQuil Cap', 'Daytime Multi-symptom cold & flu');
INSERT INTO public.medicine (medicine_id, medicine_name, medicine_desc) VALUES (1040, 'Mucinex for Kids', 'Expectorant & Cough Supression');
INSERT INTO public.medicine (medicine_id, medicine_name, medicine_desc) VALUES (1041, 'Probiotic Blend', 'Friendly Bacteria for Disgestive Health');
INSERT INTO public.medicine (medicine_id, medicine_name, medicine_desc) VALUES (1042, 'Culturelle for Kids', 'Probiotics Disgestive Health');
INSERT INTO public.medicine (medicine_id, medicine_name, medicine_desc) VALUES (1043, 'Lactase Supplement', 'Diary Digestive aid');
INSERT INTO public.medicine (medicine_id, medicine_name, medicine_desc) VALUES (1044, 'Chewable Antacid', 'Heartburn Reliever');
INSERT INTO public.medicine (medicine_id, medicine_name, medicine_desc) VALUES (1045, 'Chewable Bismuth', 'Stomach Relief');
INSERT INTO public.medicine (medicine_id, medicine_name, medicine_desc) VALUES (1046, 'Gas Relief 80mg', 'Relieves from Gastric Symptoms');
INSERT INTO public.medicine (medicine_id, medicine_name, medicine_desc) VALUES (1047, 'Famotidine 20mg', 'Acid Reducer');
INSERT INTO public.medicine (medicine_id, medicine_name, medicine_desc) VALUES (1048, 'Ranitidine I 50mg', 'Treatment of Gastric Hyperactivity');
INSERT INTO public.medicine (medicine_id, medicine_name, medicine_desc) VALUES (1049, 'Omeprazole 20mg', 'Acid Reducer');
INSERT INTO public.medicine (medicine_id, medicine_name, medicine_desc) VALUES (1050, 'Loperamide 2mg', 'Anti- Diarrheal');
INSERT INTO public.medicine (medicine_id, medicine_name, medicine_desc) VALUES (1051, 'Bisacodyl Laxative', 'Gentle, Predictive, Overnight Relief');
INSERT INTO public.medicine (medicine_id, medicine_name, medicine_desc) VALUES (1052, 'Docusate Stool Softener', 'Constipation Relief');
INSERT INTO public.medicine (medicine_id, medicine_name, medicine_desc) VALUES (1053, 'Generic Miralax Laxative', 'Constipation Relief');
INSERT INTO public.medicine (medicine_id, medicine_name, medicine_desc) VALUES (1054, 'Senna 8.6mg', 'Natural Vegetable Constipation Relief');
INSERT INTO public.medicine (medicine_id, medicine_name, medicine_desc) VALUES (1055, 'CereVe Lotion', 'Facial Oil-free moisturizer');
INSERT INTO public.medicine (medicine_id, medicine_name, medicine_desc) VALUES (1056, 'Petroleum Jelly 3.75 oz', 'Skin protecting Jelly');
INSERT INTO public.medicine (medicine_id, medicine_name, medicine_desc) VALUES (1057, 'Hydrocortisone 1% Cream', 'Used to treat a variety of skin conditions.');
INSERT INTO public.medicine (medicine_id, medicine_name, medicine_desc) VALUES (1058, 'Clotrimazole 1% Cream', 'Used to treat a variety of skin conditions.');
INSERT INTO public.medicine (medicine_id, medicine_name, medicine_desc) VALUES (1059, 'Terbinafine 1% Cream', 'Antifungal Cream');
INSERT INTO public.medicine (medicine_id, medicine_name, medicine_desc) VALUES (1060, 'Triple Antibiotic Ointment', 'Used to prevent and treat minor skin infections');
INSERT INTO public.medicine (medicine_id, medicine_name, medicine_desc) VALUES (1061, 'Benzoyl Peroxide 5% Wash', 'Used for treatment of Acne');
INSERT INTO public.medicine (medicine_id, medicine_name, medicine_desc) VALUES (1062, 'Benzoyl Peroxide 10% Wash', 'Used for treatment of Acne');
INSERT INTO public.medicine (medicine_id, medicine_name, medicine_desc) VALUES (1063, 'SPF 30 Sunscreen Spray', 'Sun protection from UV rays');
INSERT INTO public.medicine (medicine_id, medicine_name, medicine_desc) VALUES (1064, 'CereVe Baby Lotion', 'Moisturizer for baby');
INSERT INTO public.medicine (medicine_id, medicine_name, medicine_desc) VALUES (1065, 'Toothbrush', 'Detnal health');
INSERT INTO public.medicine (medicine_id, medicine_name, medicine_desc) VALUES (1066, 'Secret Deodorant', 'Antiperspirant');
INSERT INTO public.medicine (medicine_id, medicine_name, medicine_desc) VALUES (1067, 'Toothpaste', 'Dental Health');
INSERT INTO public.medicine (medicine_id, medicine_name, medicine_desc) VALUES (1068, 'Right Guard Deodorant', 'Fragrance');
INSERT INTO public.medicine (medicine_id, medicine_name, medicine_desc) VALUES (1069, 'Dental Floss', 'Dental Health');
INSERT INTO public.medicine (medicine_id, medicine_name, medicine_desc) VALUES (1070, 'Anti - Dandruff Shampoo', 'Hair Care');
INSERT INTO public.medicine (medicine_id, medicine_name, medicine_desc) VALUES (1071, 'Mouth Wash 500 ml', 'Dental Health');
INSERT INTO public.medicine (medicine_id, medicine_name, medicine_desc) VALUES (1072, 'Suave 2 in 1 Shampoo', 'Hair Care');
INSERT INTO public.medicine (medicine_id, medicine_name, medicine_desc) VALUES (1073, 'Hand Sanitizer 12 oz', 'Hygiene');
INSERT INTO public.medicine (medicine_id, medicine_name, medicine_desc) VALUES (1074, 'Bar Soap', 'Hygiene');
INSERT INTO public.medicine (medicine_id, medicine_name, medicine_desc) VALUES (1075, 'Band Aids Assorted', 'Band-aid for cuts and wounds');
INSERT INTO public.medicine (medicine_id, medicine_name, medicine_desc) VALUES (1076, 'Hydrogen Peroxide 3 %', 'Antiseptic Solution');
INSERT INTO public.medicine (medicine_id, medicine_name, medicine_desc) VALUES (1077, 'Gummy Multivitamin x 70', 'Complete Multivitamin for adults');
INSERT INTO public.medicine (medicine_id, medicine_name, medicine_desc) VALUES (1078, 'Daily Multivitamins Assorted', 'Complete Multivitamin for adults');
INSERT INTO public.medicine (medicine_id, medicine_name, medicine_desc) VALUES (1079, 'PreNatal Vitamins x 100', 'Multivitamin for Women during and after pregnancy');
INSERT INTO public.medicine (medicine_id, medicine_name, medicine_desc) VALUES (1080, 'Biotin 5000mcg x 110', 'B-complex vitamin for normal metabolism of carbs, protein & fats');
INSERT INTO public.medicine (medicine_id, medicine_name, medicine_desc) VALUES (1081, 'Vitamin B1 100mcg x 100', 'Essential Vitamin');
INSERT INTO public.medicine (medicine_id, medicine_name, medicine_desc) VALUES (1082, 'Vitamin B6 100mg x 100', 'Essential Vitamin');
INSERT INTO public.medicine (medicine_id, medicine_name, medicine_desc) VALUES (1083, 'Vitamin B12 1000mcg x 50', 'Essential Vitamin');
INSERT INTO public.medicine (medicine_id, medicine_name, medicine_desc) VALUES (1084, 'Vitamin B12 2500mcg x 110', 'Essential Vitamin');
INSERT INTO public.medicine (medicine_id, medicine_name, medicine_desc) VALUES (1085, 'Vitamin C 500mg x 100', 'Essential Vitamin');
INSERT INTO public.medicine (medicine_id, medicine_name, medicine_desc) VALUES (1086, 'Vitamin D 400iu x 100', 'Essential Vitamin');
INSERT INTO public.medicine (medicine_id, medicine_name, medicine_desc) VALUES (1087, 'Vitamin D 1000iu x 100', 'Essential Vitamin');
INSERT INTO public.medicine (medicine_id, medicine_name, medicine_desc) VALUES (1088, 'Vitamin D 2000iu x 100', 'Essential Vitamin');
INSERT INTO public.medicine (medicine_id, medicine_name, medicine_desc) VALUES (1089, 'Vitamin E 400iu x 100', 'Essential Vitamin');
INSERT INTO public.medicine (medicine_id, medicine_name, medicine_desc) VALUES (1090, 'Calcium Citrate 400mg x 100', 'Calcium Tablet');
INSERT INTO public.medicine (medicine_id, medicine_name, medicine_desc) VALUES (1091, 'Calcium Cit 630mg + D x 120', 'Calcium Tablet');
INSERT INTO public.medicine (medicine_id, medicine_name, medicine_desc) VALUES (1092, 'CoQ10 200mg x 30', 'Essential Vitamin');
INSERT INTO public.medicine (medicine_id, medicine_name, medicine_desc) VALUES (1093, 'Fish Oil 1200tng x 100', 'Omega 3 Vitamin');
INSERT INTO public.medicine (medicine_id, medicine_name, medicine_desc) VALUES (1094, 'Folic Acid 400mcg x 100', 'B Complex Tablet');
INSERT INTO public.medicine (medicine_id, medicine_name, medicine_desc) VALUES (1095, 'Folic Acid 1mg x 100', 'B Complex Tablet');
INSERT INTO public.medicine (medicine_id, medicine_name, medicine_desc) VALUES (1096, 'Ferrous Sulfate 325mg x 100', 'Iron Supplement Tablet');
INSERT INTO public.medicine (medicine_id, medicine_name, medicine_desc) VALUES (1097, 'Slow Fe 45mg x 30', 'Iron Supplement Tablet');
INSERT INTO public.medicine (medicine_id, medicine_name, medicine_desc) VALUES (1098, 'Ferrous Gluconate 27mg x 100', 'Iron Supplement Tablet');
INSERT INTO public.medicine (medicine_id, medicine_name, medicine_desc) VALUES (1099, 'Zinc 50mg x 100', 'Zinc Supplement Tablet');
INSERT INTO public.medicine (medicine_id, medicine_name, medicine_desc) VALUES (1100, 'Magnesium 400mg x 60', 'Magnesium Supplement Tablet');
INSERT INTO public.medicine (medicine_id, medicine_name, medicine_desc) VALUES (1101, 'Glucosamine 1000mg x 120', 'Nutritional support for joints');
INSERT INTO public.medicine (medicine_id, medicine_name, medicine_desc) VALUES (1102, 'Glucosamine/Chondroitin x 60', 'Nutritional support for joints');
INSERT INTO public.medicine (medicine_id, medicine_name, medicine_desc) VALUES (1103, 'Melatonin 5mg x 120', 'Melatonin Supplement Tablet');
INSERT INTO public.medicine (medicine_id, medicine_name, medicine_desc) VALUES (1104, 'Men''s Healthy Testorsterone', 'Testorsterone & Sexual Support');
INSERT INTO public.medicine (medicine_id, medicine_name, medicine_desc) VALUES (1105, 'Protein Powder For Female', 'Protien Dietery Supplement');
INSERT INTO public.medicine (medicine_id, medicine_name, medicine_desc) VALUES (1106, 'Protein Powder For Men', 'Protien Dietery Supplement');
INSERT INTO public.medicine (medicine_id, medicine_name, medicine_desc) VALUES (1107, 'Benzocaine 75% Gel', 'Male Desensatizing Ejaculatory Control Gel');
INSERT INTO public.medicine (medicine_id, medicine_name, medicine_desc) VALUES (1108, 'Shaving Gel', 'Shaving Gel');
INSERT INTO public.medicine (medicine_id, medicine_name, medicine_desc) VALUES (1109, 'After Shave Lotion', '100% Alcohol After Shave');
INSERT INTO public.medicine (medicine_id, medicine_name, medicine_desc) VALUES (1110, 'Women''s supplements', 'Essential Vitamin for Woman''s Health');


--
-- Data for Name: supplier; Type: TABLE DATA; Schema: public; Owner: postgres
--

INSERT INTO public.supplier (supplier_id, supplier_name, address, phone_number, email_address) VALUES (3001, 'A', '5678 Boulevard', '9871112345', 'A123@gmail.com');
INSERT INTO public.supplier (supplier_id, supplier_name, address, phone_number, email_address) VALUES (3002, 'B', '9876 Paxton Road', '4120098734', 'B123@gmail.com');
INSERT INTO public.supplier (supplier_id, supplier_name, address, phone_number, email_address) VALUES (3003, 'C', '0012 Lorianne Hills VA', '9811013341', 'C123@gmail.com');


--
-- Data for Name: stock; Type: TABLE DATA; Schema: public; Owner: postgres
--

INSERT INTO public.stock (stock_id, supply_date, overhead_pct, total_cost, supplier_id) VALUES (4001, '2017-01-02', 3.5, 0.0000000000, 3001);
INSERT INTO public.stock (stock_id, supply_date, overhead_pct, total_cost, supplier_id) VALUES (4002, '2019-01-03', 3.5, 0.0000000000, 3001);
INSERT INTO public.stock (stock_id, supply_date, overhead_pct, total_cost, supplier_id) VALUES (4003, '2019-01-04', 3.7, 0.0000000000, 3002);
INSERT INTO public.stock (stock_id, supply_date, overhead_pct, total_cost, supplier_id) VALUES (4004, '2019-01-05', 3.7, 0.0000000000, 3002);
INSERT INTO public.stock (stock_id, supply_date, overhead_pct, total_cost, supplier_id) VALUES (4005, '2019-01-06', 3.2, 0.0000000000, 3003);
INSERT INTO public.stock (stock_id, supply_date, overhead_pct, total_cost, supplier_id) VALUES (4006, '2019-01-07', 3.2, 0.0000000000, 3003);
INSERT INTO public.stock (stock_id, supply_date, overhead_pct, total_cost, supplier_id) VALUES (4007, '2019-01-08', 3.5, 0.0000000000, 3001);
INSERT INTO public.stock (stock_id, supply_date, overhead_pct, total_cost, supplier_id) VALUES (4008, '2019-01-09', 3.5, 0.0000000000, 3001);
INSERT INTO public.stock (stock_id, supply_date, overhead_pct, total_cost, supplier_id) VALUES (4009, '2019-01-10', 3.7, 0.0000000000, 3002);
INSERT INTO public.stock (stock_id, supply_date, overhead_pct, total_cost, supplier_id) VALUES (4010, '2019-01-11', 3.7, 0.0000000000, 3002);
INSERT INTO public.stock (stock_id, supply_date, overhead_pct, total_cost, supplier_id) VALUES (4011, '2019-01-12', 3.2, 0.0000000000, 3003);
INSERT INTO public.stock (stock_id, supply_date, overhead_pct, total_cost, supplier_id) VALUES (4012, '2019-01-13', 3.2, 0.0000000000, 3003);
INSERT INTO public.stock (stock_id, supply_date, overhead_pct, total_cost, supplier_id) VALUES (4013, '2019-01-14', 3.5, 0.0000000000, 3001);
INSERT INTO public.stock (stock_id, supply_date, overhead_pct, total_cost, supplier_id) VALUES (4014, '2019-01-15', 3.5, 0.0000000000, 3001);
INSERT INTO public.stock (stock_id, supply_date, overhead_pct, total_cost, supplier_id) VALUES (4015, '2019-01-16', 3.7, 0.0000000000, 3002);
INSERT INTO public.stock (stock_id, supply_date, overhead_pct, total_cost, supplier_id) VALUES (4016, '2019-01-17', 3.7, 0.0000000000, 3002);
INSERT INTO public.stock (stock_id, supply_date, overhead_pct, total_cost, supplier_id) VALUES (4017, '2019-01-18', 3.2, 0.0000000000, 3003);
INSERT INTO public.stock (stock_id, supply_date, overhead_pct, total_cost, supplier_id) VALUES (4018, '2019-01-19', 3.2, 0.0000000000, 3003);


--
-- Data for Name: has_stock_supply; Type: TABLE DATA; Schema: public; Owner: postgres
--

INSERT INTO public.has_stock_supply (stock_id, supplier_id, unit_cost_price, medicine_id, manufacture_date, expiry_date, quantity, total_cost) VALUES (4006, 3003, 4.2500, 1001, '2018-12-19', '2020-12-23', 15, 0.0000000000);
INSERT INTO public.has_stock_supply (stock_id, supplier_id, unit_cost_price, medicine_id, manufacture_date, expiry_date, quantity, total_cost) VALUES (4006, 3003, 3.0000, 1002, '2019-01-17', '2021-01-13', 15, 0.0000000000);
INSERT INTO public.has_stock_supply (stock_id, supplier_id, unit_cost_price, medicine_id, manufacture_date, expiry_date, quantity, total_cost) VALUES (4006, 3003, 4.0000, 1003, '2019-01-03', '2020-12-18', 15, 0.0000000000);
INSERT INTO public.has_stock_supply (stock_id, supplier_id, unit_cost_price, medicine_id, manufacture_date, expiry_date, quantity, total_cost) VALUES (4006, 3003, 2.5000, 1004, '2018-11-26', '2021-01-17', 15, 0.0000000000);
INSERT INTO public.has_stock_supply (stock_id, supplier_id, unit_cost_price, medicine_id, manufacture_date, expiry_date, quantity, total_cost) VALUES (4006, 3003, 2.5000, 1005, '2019-01-22', '2020-12-08', 15, 0.0000000000);
INSERT INTO public.has_stock_supply (stock_id, supplier_id, unit_cost_price, medicine_id, manufacture_date, expiry_date, quantity, total_cost) VALUES (4006, 3003, 2.5000, 1006, '2019-01-03', '2021-01-05', 15, 0.0000000000);
INSERT INTO public.has_stock_supply (stock_id, supplier_id, unit_cost_price, medicine_id, manufacture_date, expiry_date, quantity, total_cost) VALUES (4006, 3003, 2.5000, 1007, '2019-01-11', '2020-11-27', 15, 0.0000000000);
INSERT INTO public.has_stock_supply (stock_id, supplier_id, unit_cost_price, medicine_id, manufacture_date, expiry_date, quantity, total_cost) VALUES (4006, 3003, 4.5000, 1008, '2019-01-11', '2020-11-25', 15, 0.0000000000);
INSERT INTO public.has_stock_supply (stock_id, supplier_id, unit_cost_price, medicine_id, manufacture_date, expiry_date, quantity, total_cost) VALUES (4002, 3001, 4.5500, 1009, '2018-12-10', '2020-12-23', 15, 0.0000000000);
INSERT INTO public.has_stock_supply (stock_id, supplier_id, unit_cost_price, medicine_id, manufacture_date, expiry_date, quantity, total_cost) VALUES (4002, 3001, 5.0000, 1010, '2018-11-24', '2021-01-23', 15, 0.0000000000);
INSERT INTO public.has_stock_supply (stock_id, supplier_id, unit_cost_price, medicine_id, manufacture_date, expiry_date, quantity, total_cost) VALUES (4002, 3001, 2.0000, 1011, '2018-12-29', '2021-01-20', 15, 0.0000000000);
INSERT INTO public.has_stock_supply (stock_id, supplier_id, unit_cost_price, medicine_id, manufacture_date, expiry_date, quantity, total_cost) VALUES (4004, 3002, 5.0000, 1012, '2018-11-29', '2021-01-11', 15, 0.0000000000);
INSERT INTO public.has_stock_supply (stock_id, supplier_id, unit_cost_price, medicine_id, manufacture_date, expiry_date, quantity, total_cost) VALUES (4002, 3001, 8.0000, 1013, '2019-01-09', '2020-11-29', 15, 0.0000000000);
INSERT INTO public.has_stock_supply (stock_id, supplier_id, unit_cost_price, medicine_id, manufacture_date, expiry_date, quantity, total_cost) VALUES (4001, 3001, 4.0000, 1014, '2018-12-01', '2020-12-22', 15, 0.0000000000);
INSERT INTO public.has_stock_supply (stock_id, supplier_id, unit_cost_price, medicine_id, manufacture_date, expiry_date, quantity, total_cost) VALUES (4001, 3001, 2.0000, 1015, '2018-12-01', '2020-12-21', 15, 0.0000000000);
INSERT INTO public.has_stock_supply (stock_id, supplier_id, unit_cost_price, medicine_id, manufacture_date, expiry_date, quantity, total_cost) VALUES (4001, 3001, 5.0000, 1016, '2018-12-22', '2020-11-25', 15, 0.0000000000);
INSERT INTO public.has_stock_supply (stock_id, supplier_id, unit_cost_price, medicine_id, manufacture_date, expiry_date, quantity, total_cost) VALUES (4001, 3001, 3.0000, 1017, '2018-11-30', '2020-12-27', 15, 0.0000000000);
INSERT INTO public.has_stock_supply (stock_id, supplier_id, unit_cost_price, medicine_id, manufacture_date, expiry_date, quantity, total_cost) VALUES (4002, 3001, 2.5000, 1018, '2018-12-01', '2021-01-17', 15, 0.0000000000);
INSERT INTO public.has_stock_supply (stock_id, supplier_id, unit_cost_price, medicine_id, manufacture_date, expiry_date, quantity, total_cost) VALUES (4001, 3001, 4.0000, 1019, '2019-01-06', '2021-01-21', 15, 0.0000000000);
INSERT INTO public.has_stock_supply (stock_id, supplier_id, unit_cost_price, medicine_id, manufacture_date, expiry_date, quantity, total_cost) VALUES (4001, 3001, 8.5000, 1020, '2019-01-04', '2021-01-19', 15, 0.0000000000);
INSERT INTO public.has_stock_supply (stock_id, supplier_id, unit_cost_price, medicine_id, manufacture_date, expiry_date, quantity, total_cost) VALUES (4001, 3001, 5.0000, 1021, '2019-01-10', '2020-12-28', 15, 0.0000000000);
INSERT INTO public.has_stock_supply (stock_id, supplier_id, unit_cost_price, medicine_id, manufacture_date, expiry_date, quantity, total_cost) VALUES (4002, 3001, 7.0000, 1022, '2019-01-23', '2020-11-26', 15, 0.0000000000);
INSERT INTO public.has_stock_supply (stock_id, supplier_id, unit_cost_price, medicine_id, manufacture_date, expiry_date, quantity, total_cost) VALUES (4001, 3001, 6.5000, 1023, '2018-12-25', '2020-12-11', 15, 0.0000000000);
INSERT INTO public.has_stock_supply (stock_id, supplier_id, unit_cost_price, medicine_id, manufacture_date, expiry_date, quantity, total_cost) VALUES (4001, 3001, 6.0000, 1024, '2018-12-14', '2020-11-27', 15, 0.0000000000);
INSERT INTO public.has_stock_supply (stock_id, supplier_id, unit_cost_price, medicine_id, manufacture_date, expiry_date, quantity, total_cost) VALUES (4005, 3003, 2.5500, 1025, '2018-12-06', '2020-11-27', 15, 0.0000000000);
INSERT INTO public.has_stock_supply (stock_id, supplier_id, unit_cost_price, medicine_id, manufacture_date, expiry_date, quantity, total_cost) VALUES (4005, 3003, 2.5000, 1026, '2018-12-12', '2020-12-16', 15, 0.0000000000);
INSERT INTO public.has_stock_supply (stock_id, supplier_id, unit_cost_price, medicine_id, manufacture_date, expiry_date, quantity, total_cost) VALUES (4005, 3003, 6.0000, 1027, '2018-12-10', '2020-12-14', 15, 0.0000000000);
INSERT INTO public.has_stock_supply (stock_id, supplier_id, unit_cost_price, medicine_id, manufacture_date, expiry_date, quantity, total_cost) VALUES (4005, 3003, 10.5000, 1028, '2018-12-02', '2021-01-07', 15, 0.0000000000);
INSERT INTO public.has_stock_supply (stock_id, supplier_id, unit_cost_price, medicine_id, manufacture_date, expiry_date, quantity, total_cost) VALUES (4005, 3003, 8.0000, 1029, '2019-01-22', '2020-12-21', 15, 0.0000000000);
INSERT INTO public.has_stock_supply (stock_id, supplier_id, unit_cost_price, medicine_id, manufacture_date, expiry_date, quantity, total_cost) VALUES (4005, 3003, 3.5000, 1030, '2018-12-21', '2021-01-10', 15, 0.0000000000);
INSERT INTO public.has_stock_supply (stock_id, supplier_id, unit_cost_price, medicine_id, manufacture_date, expiry_date, quantity, total_cost) VALUES (4004, 3002, 3.5000, 1031, '2018-12-01', '2020-12-01', 15, 0.0000000000);
INSERT INTO public.has_stock_supply (stock_id, supplier_id, unit_cost_price, medicine_id, manufacture_date, expiry_date, quantity, total_cost) VALUES (4005, 3003, 14.0000, 1032, '2018-12-17', '2020-12-29', 15, 0.0000000000);
INSERT INTO public.has_stock_supply (stock_id, supplier_id, unit_cost_price, medicine_id, manufacture_date, expiry_date, quantity, total_cost) VALUES (4004, 3002, 10.0000, 1033, '2018-12-04', '2021-01-04', 15, 0.0000000000);
INSERT INTO public.has_stock_supply (stock_id, supplier_id, unit_cost_price, medicine_id, manufacture_date, expiry_date, quantity, total_cost) VALUES (4004, 3002, 9.5000, 1034, '2018-12-09', '2020-12-14', 15, 0.0000000000);
INSERT INTO public.has_stock_supply (stock_id, supplier_id, unit_cost_price, medicine_id, manufacture_date, expiry_date, quantity, total_cost) VALUES (4003, 3002, 1.5000, 1035, '2018-12-25', '2020-11-24', 15, 0.0000000000);
INSERT INTO public.has_stock_supply (stock_id, supplier_id, unit_cost_price, medicine_id, manufacture_date, expiry_date, quantity, total_cost) VALUES (4003, 3002, 3.0000, 1036, '2018-12-04', '2020-12-10', 15, 0.0000000000);
INSERT INTO public.has_stock_supply (stock_id, supplier_id, unit_cost_price, medicine_id, manufacture_date, expiry_date, quantity, total_cost) VALUES (4003, 3002, 3.0000, 1037, '2019-01-14', '2020-12-04', 15, 0.0000000000);
INSERT INTO public.has_stock_supply (stock_id, supplier_id, unit_cost_price, medicine_id, manufacture_date, expiry_date, quantity, total_cost) VALUES (4003, 3002, 5.0000, 1038, '2018-11-28', '2020-12-28', 15, 0.0000000000);
INSERT INTO public.has_stock_supply (stock_id, supplier_id, unit_cost_price, medicine_id, manufacture_date, expiry_date, quantity, total_cost) VALUES (4003, 3002, 3.5000, 1039, '2018-12-01', '2021-01-22', 15, 0.0000000000);
INSERT INTO public.has_stock_supply (stock_id, supplier_id, unit_cost_price, medicine_id, manufacture_date, expiry_date, quantity, total_cost) VALUES (4003, 3002, 15.5000, 1040, '2019-01-21', '2020-12-16', 15, 0.0000000000);
INSERT INTO public.has_stock_supply (stock_id, supplier_id, unit_cost_price, medicine_id, manufacture_date, expiry_date, quantity, total_cost) VALUES (4003, 3002, 7.5000, 1041, '2018-12-05', '2021-01-05', 15, 0.0000000000);
INSERT INTO public.has_stock_supply (stock_id, supplier_id, unit_cost_price, medicine_id, manufacture_date, expiry_date, quantity, total_cost) VALUES (4003, 3002, 18.5000, 1042, '2018-12-25', '2020-11-30', 15, 0.0000000000);
INSERT INTO public.has_stock_supply (stock_id, supplier_id, unit_cost_price, medicine_id, manufacture_date, expiry_date, quantity, total_cost) VALUES (4003, 3002, 8.0000, 1043, '2019-01-12', '2021-01-23', 15, 0.0000000000);
INSERT INTO public.has_stock_supply (stock_id, supplier_id, unit_cost_price, medicine_id, manufacture_date, expiry_date, quantity, total_cost) VALUES (4003, 3002, 3.0000, 1044, '2019-01-10', '2021-01-11', 15, 0.0000000000);
INSERT INTO public.has_stock_supply (stock_id, supplier_id, unit_cost_price, medicine_id, manufacture_date, expiry_date, quantity, total_cost) VALUES (4003, 3002, 3.2900, 1045, '2018-12-10', '2020-12-08', 15, 0.0000000000);
INSERT INTO public.has_stock_supply (stock_id, supplier_id, unit_cost_price, medicine_id, manufacture_date, expiry_date, quantity, total_cost) VALUES (4003, 3002, 2.5000, 1046, '2018-11-27', '2020-12-02', 15, 0.0000000000);
INSERT INTO public.has_stock_supply (stock_id, supplier_id, unit_cost_price, medicine_id, manufacture_date, expiry_date, quantity, total_cost) VALUES (4004, 3002, 7.5000, 1047, '2019-01-01', '2021-01-01', 15, 0.0000000000);
INSERT INTO public.has_stock_supply (stock_id, supplier_id, unit_cost_price, medicine_id, manufacture_date, expiry_date, quantity, total_cost) VALUES (4004, 3002, 5.0000, 1048, '2019-01-02', '2021-01-16', 15, 0.0000000000);
INSERT INTO public.has_stock_supply (stock_id, supplier_id, unit_cost_price, medicine_id, manufacture_date, expiry_date, quantity, total_cost) VALUES (4004, 3002, 10.0000, 1049, '2018-12-19', '2021-01-08', 15, 0.0000000000);
INSERT INTO public.has_stock_supply (stock_id, supplier_id, unit_cost_price, medicine_id, manufacture_date, expiry_date, quantity, total_cost) VALUES (4004, 3002, 3.0000, 1050, '2018-12-08', '2020-12-27', 15, 0.0000000000);
INSERT INTO public.has_stock_supply (stock_id, supplier_id, unit_cost_price, medicine_id, manufacture_date, expiry_date, quantity, total_cost) VALUES (4004, 3002, 2.5000, 1051, '2018-12-23', '2021-01-01', 15, 0.0000000000);
INSERT INTO public.has_stock_supply (stock_id, supplier_id, unit_cost_price, medicine_id, manufacture_date, expiry_date, quantity, total_cost) VALUES (4004, 3002, 2.5000, 1052, '2018-12-05', '2021-01-11', 15, 0.0000000000);
INSERT INTO public.has_stock_supply (stock_id, supplier_id, unit_cost_price, medicine_id, manufacture_date, expiry_date, quantity, total_cost) VALUES (4001, 3001, 15.5000, 1053, '2019-01-17', '2021-01-04', 15, 0.0000000000);
INSERT INTO public.has_stock_supply (stock_id, supplier_id, unit_cost_price, medicine_id, manufacture_date, expiry_date, quantity, total_cost) VALUES (4005, 3003, 4.0000, 1054, '2019-01-15', '2020-12-30', 15, 0.0000000000);
INSERT INTO public.has_stock_supply (stock_id, supplier_id, unit_cost_price, medicine_id, manufacture_date, expiry_date, quantity, total_cost) VALUES (4002, 3001, 12.0000, 1055, '2019-01-16', '2021-01-04', 15, 0.0000000000);
INSERT INTO public.has_stock_supply (stock_id, supplier_id, unit_cost_price, medicine_id, manufacture_date, expiry_date, quantity, total_cost) VALUES (4003, 3002, 2.0000, 1056, '2019-01-02', '2020-11-28', 15, 0.0000000000);
INSERT INTO public.has_stock_supply (stock_id, supplier_id, unit_cost_price, medicine_id, manufacture_date, expiry_date, quantity, total_cost) VALUES (4003, 3002, 2.5000, 1057, '2019-01-01', '2020-12-15', 15, 0.0000000000);
INSERT INTO public.has_stock_supply (stock_id, supplier_id, unit_cost_price, medicine_id, manufacture_date, expiry_date, quantity, total_cost) VALUES (4006, 3003, 5.0000, 1058, '2018-11-24', '2021-01-02', 15, 0.0000000000);
INSERT INTO public.has_stock_supply (stock_id, supplier_id, unit_cost_price, medicine_id, manufacture_date, expiry_date, quantity, total_cost) VALUES (4001, 3001, 7.5000, 1059, '2018-12-09', '2021-01-10', 15, 0.0000000000);
INSERT INTO public.has_stock_supply (stock_id, supplier_id, unit_cost_price, medicine_id, manufacture_date, expiry_date, quantity, total_cost) VALUES (4005, 3003, 5.0000, 1060, '2018-12-20', '2020-12-18', 15, 0.0000000000);
INSERT INTO public.has_stock_supply (stock_id, supplier_id, unit_cost_price, medicine_id, manufacture_date, expiry_date, quantity, total_cost) VALUES (4004, 3002, 12.0000, 1061, '2018-12-14', '2020-12-18', 15, 0.0000000000);
INSERT INTO public.has_stock_supply (stock_id, supplier_id, unit_cost_price, medicine_id, manufacture_date, expiry_date, quantity, total_cost) VALUES (4001, 3001, 12.5000, 1062, '2019-01-01', '2021-01-18', 15, 0.0000000000);
INSERT INTO public.has_stock_supply (stock_id, supplier_id, unit_cost_price, medicine_id, manufacture_date, expiry_date, quantity, total_cost) VALUES (4001, 3001, 6.0000, 1063, '2019-01-23', '2020-12-28', 15, 0.0000000000);
INSERT INTO public.has_stock_supply (stock_id, supplier_id, unit_cost_price, medicine_id, manufacture_date, expiry_date, quantity, total_cost) VALUES (4005, 3003, 12.0000, 1064, '2019-01-08', '2021-01-06', 15, 0.0000000000);
INSERT INTO public.has_stock_supply (stock_id, supplier_id, unit_cost_price, medicine_id, manufacture_date, expiry_date, quantity, total_cost) VALUES (4002, 3001, 0.8500, 1065, '2019-01-22', '2020-12-31', 15, 0.0000000000);
INSERT INTO public.has_stock_supply (stock_id, supplier_id, unit_cost_price, medicine_id, manufacture_date, expiry_date, quantity, total_cost) VALUES (4003, 3002, 2.0000, 1066, '2019-01-19', '2021-01-21', 15, 0.0000000000);
INSERT INTO public.has_stock_supply (stock_id, supplier_id, unit_cost_price, medicine_id, manufacture_date, expiry_date, quantity, total_cost) VALUES (4003, 3002, 2.2500, 1067, '2018-12-07', '2021-01-05', 15, 0.0000000000);
INSERT INTO public.has_stock_supply (stock_id, supplier_id, unit_cost_price, medicine_id, manufacture_date, expiry_date, quantity, total_cost) VALUES (4006, 3003, 3.1500, 1068, '2018-12-20', '2020-12-11', 15, 0.0000000000);
INSERT INTO public.has_stock_supply (stock_id, supplier_id, unit_cost_price, medicine_id, manufacture_date, expiry_date, quantity, total_cost) VALUES (4001, 3001, 1.5000, 1069, '2018-12-21', '2020-12-03', 15, 0.0000000000);
INSERT INTO public.has_stock_supply (stock_id, supplier_id, unit_cost_price, medicine_id, manufacture_date, expiry_date, quantity, total_cost) VALUES (4001, 3001, 17.5000, 1070, '2018-12-21', '2020-11-24', 15, 0.0000000000);
INSERT INTO public.has_stock_supply (stock_id, supplier_id, unit_cost_price, medicine_id, manufacture_date, expiry_date, quantity, total_cost) VALUES (4005, 3003, 3.0000, 1071, '2018-12-22', '2020-11-24', 15, 0.0000000000);
INSERT INTO public.has_stock_supply (stock_id, supplier_id, unit_cost_price, medicine_id, manufacture_date, expiry_date, quantity, total_cost) VALUES (4002, 3001, 3.0000, 1072, '2018-11-30', '2020-12-12', 15, 0.0000000000);
INSERT INTO public.has_stock_supply (stock_id, supplier_id, unit_cost_price, medicine_id, manufacture_date, expiry_date, quantity, total_cost) VALUES (4003, 3002, 3.2500, 1073, '2018-12-28', '2021-01-03', 15, 0.0000000000);
INSERT INTO public.has_stock_supply (stock_id, supplier_id, unit_cost_price, medicine_id, manufacture_date, expiry_date, quantity, total_cost) VALUES (4003, 3002, 3.0000, 1074, '2019-01-01', '2021-01-07', 15, 0.0000000000);
INSERT INTO public.has_stock_supply (stock_id, supplier_id, unit_cost_price, medicine_id, manufacture_date, expiry_date, quantity, total_cost) VALUES (4006, 3003, 3.0000, 1075, '2018-12-16', '2020-12-04', 15, 0.0000000000);
INSERT INTO public.has_stock_supply (stock_id, supplier_id, unit_cost_price, medicine_id, manufacture_date, expiry_date, quantity, total_cost) VALUES (4001, 3001, 1.0000, 1076, '2019-01-03', '2020-12-10', 15, 0.0000000000);
INSERT INTO public.has_stock_supply (stock_id, supplier_id, unit_cost_price, medicine_id, manufacture_date, expiry_date, quantity, total_cost) VALUES (4005, 3003, 6.0000, 1077, '2018-12-01', '2020-12-14', 15, 0.0000000000);
INSERT INTO public.has_stock_supply (stock_id, supplier_id, unit_cost_price, medicine_id, manufacture_date, expiry_date, quantity, total_cost) VALUES (4004, 3002, 5.0000, 1078, '2018-12-18', '2020-11-27', 15, 0.0000000000);
INSERT INTO public.has_stock_supply (stock_id, supplier_id, unit_cost_price, medicine_id, manufacture_date, expiry_date, quantity, total_cost) VALUES (4001, 3001, 5.5000, 1079, '2019-01-03', '2021-01-18', 15, 0.0000000000);
INSERT INTO public.has_stock_supply (stock_id, supplier_id, unit_cost_price, medicine_id, manufacture_date, expiry_date, quantity, total_cost) VALUES (4006, 3003, 4.5000, 1080, '2018-12-02', '2020-12-05', 15, 0.0000000000);
INSERT INTO public.has_stock_supply (stock_id, supplier_id, unit_cost_price, medicine_id, manufacture_date, expiry_date, quantity, total_cost) VALUES (4004, 3002, 7.0000, 1081, '2018-11-29', '2021-01-20', 15, 0.0000000000);
INSERT INTO public.has_stock_supply (stock_id, supplier_id, unit_cost_price, medicine_id, manufacture_date, expiry_date, quantity, total_cost) VALUES (4002, 3001, 6.0000, 1082, '2019-01-12', '2021-01-16', 15, 0.0000000000);
INSERT INTO public.has_stock_supply (stock_id, supplier_id, unit_cost_price, medicine_id, manufacture_date, expiry_date, quantity, total_cost) VALUES (4005, 3003, 5.5000, 1083, '2018-12-02', '2021-01-06', 15, 0.0000000000);
INSERT INTO public.has_stock_supply (stock_id, supplier_id, unit_cost_price, medicine_id, manufacture_date, expiry_date, quantity, total_cost) VALUES (4001, 3001, 5.7500, 1084, '2018-12-06', '2020-12-04', 15, 0.0000000000);
INSERT INTO public.has_stock_supply (stock_id, supplier_id, unit_cost_price, medicine_id, manufacture_date, expiry_date, quantity, total_cost) VALUES (4005, 3003, 4.5000, 1085, '2019-01-15', '2020-12-14', 15, 0.0000000000);
INSERT INTO public.has_stock_supply (stock_id, supplier_id, unit_cost_price, medicine_id, manufacture_date, expiry_date, quantity, total_cost) VALUES (4002, 3001, 6.0000, 1086, '2019-01-12', '2021-01-07', 15, 0.0000000000);
INSERT INTO public.has_stock_supply (stock_id, supplier_id, unit_cost_price, medicine_id, manufacture_date, expiry_date, quantity, total_cost) VALUES (4003, 3002, 3.5000, 1087, '2018-12-31', '2020-12-08', 15, 0.0000000000);
INSERT INTO public.has_stock_supply (stock_id, supplier_id, unit_cost_price, medicine_id, manufacture_date, expiry_date, quantity, total_cost) VALUES (4003, 3002, 8.7500, 1088, '2018-11-28', '2020-12-11', 15, 0.0000000000);
INSERT INTO public.has_stock_supply (stock_id, supplier_id, unit_cost_price, medicine_id, manufacture_date, expiry_date, quantity, total_cost) VALUES (4006, 3003, 3.1000, 1089, '2018-12-06', '2020-11-27', 15, 0.0000000000);
INSERT INTO public.has_stock_supply (stock_id, supplier_id, unit_cost_price, medicine_id, manufacture_date, expiry_date, quantity, total_cost) VALUES (4001, 3001, 7.0000, 1090, '2018-11-25', '2021-01-11', 15, 0.0000000000);
INSERT INTO public.has_stock_supply (stock_id, supplier_id, unit_cost_price, medicine_id, manufacture_date, expiry_date, quantity, total_cost) VALUES (4005, 3003, 8.0000, 1091, '2018-12-30', '2021-01-13', 15, 0.0000000000);
INSERT INTO public.has_stock_supply (stock_id, supplier_id, unit_cost_price, medicine_id, manufacture_date, expiry_date, quantity, total_cost) VALUES (4004, 3002, 8.0000, 1092, '2018-12-17', '2020-11-24', 15, 0.0000000000);
INSERT INTO public.has_stock_supply (stock_id, supplier_id, unit_cost_price, medicine_id, manufacture_date, expiry_date, quantity, total_cost) VALUES (4001, 3001, 2.5000, 1093, '2018-12-30', '2020-12-25', 15, 0.0000000000);
INSERT INTO public.has_stock_supply (stock_id, supplier_id, unit_cost_price, medicine_id, manufacture_date, expiry_date, quantity, total_cost) VALUES (4006, 3003, 4.3800, 1094, '2019-01-04', '2020-12-08', 15, 0.0000000000);
INSERT INTO public.has_stock_supply (stock_id, supplier_id, unit_cost_price, medicine_id, manufacture_date, expiry_date, quantity, total_cost) VALUES (4004, 3002, 2.5000, 1095, '2018-12-21', '2020-11-27', 15, 0.0000000000);
INSERT INTO public.has_stock_supply (stock_id, supplier_id, unit_cost_price, medicine_id, manufacture_date, expiry_date, quantity, total_cost) VALUES (4002, 3001, 3.0000, 1096, '2019-01-03', '2020-12-18', 15, 0.0000000000);
INSERT INTO public.has_stock_supply (stock_id, supplier_id, unit_cost_price, medicine_id, manufacture_date, expiry_date, quantity, total_cost) VALUES (4001, 3001, 3.0000, 1097, '2018-12-17', '2020-12-30', 15, 0.0000000000);
INSERT INTO public.has_stock_supply (stock_id, supplier_id, unit_cost_price, medicine_id, manufacture_date, expiry_date, quantity, total_cost) VALUES (4005, 3003, 4.0000, 1098, '2019-01-20', '2021-01-19', 15, 0.0000000000);
INSERT INTO public.has_stock_supply (stock_id, supplier_id, unit_cost_price, medicine_id, manufacture_date, expiry_date, quantity, total_cost) VALUES (4002, 3001, 4.0000, 1099, '2018-12-23', '2020-12-21', 15, 0.0000000000);
INSERT INTO public.has_stock_supply (stock_id, supplier_id, unit_cost_price, medicine_id, manufacture_date, expiry_date, quantity, total_cost) VALUES (4003, 3002, 10.0000, 1100, '2019-01-11', '2020-12-27', 15, 0.0000000000);
INSERT INTO public.has_stock_supply (stock_id, supplier_id, unit_cost_price, medicine_id, manufacture_date, expiry_date, quantity, total_cost) VALUES (4003, 3002, 6.6400, 1101, '2018-12-05', '2020-11-28', 15, 0.0000000000);
INSERT INTO public.has_stock_supply (stock_id, supplier_id, unit_cost_price, medicine_id, manufacture_date, expiry_date, quantity, total_cost) VALUES (4006, 3003, 6.0000, 1102, '2018-12-09', '2020-11-25', 15, 0.0000000000);
INSERT INTO public.has_stock_supply (stock_id, supplier_id, unit_cost_price, medicine_id, manufacture_date, expiry_date, quantity, total_cost) VALUES (4001, 3001, 6.0000, 1103, '2018-12-26', '2020-12-12', 15, 0.0000000000);
INSERT INTO public.has_stock_supply (stock_id, supplier_id, unit_cost_price, medicine_id, manufacture_date, expiry_date, quantity, total_cost) VALUES (4005, 3003, 12.2000, 1104, '2018-12-15', '2020-12-07', 15, 0.0000000000);
INSERT INTO public.has_stock_supply (stock_id, supplier_id, unit_cost_price, medicine_id, manufacture_date, expiry_date, quantity, total_cost) VALUES (4004, 3002, 14.2000, 1105, '2019-01-23', '2020-11-26', 15, 0.0000000000);
INSERT INTO public.has_stock_supply (stock_id, supplier_id, unit_cost_price, medicine_id, manufacture_date, expiry_date, quantity, total_cost) VALUES (4001, 3001, 12.0000, 1106, '2019-01-13', '2020-12-05', 15, 0.0000000000);
INSERT INTO public.has_stock_supply (stock_id, supplier_id, unit_cost_price, medicine_id, manufacture_date, expiry_date, quantity, total_cost) VALUES (4006, 3003, 15.0000, 1107, '2018-12-31', '2020-11-30', 15, 0.0000000000);
INSERT INTO public.has_stock_supply (stock_id, supplier_id, unit_cost_price, medicine_id, manufacture_date, expiry_date, quantity, total_cost) VALUES (4004, 3002, 8.0000, 1108, '2019-01-20', '2020-12-31', 15, 0.0000000000);
INSERT INTO public.has_stock_supply (stock_id, supplier_id, unit_cost_price, medicine_id, manufacture_date, expiry_date, quantity, total_cost) VALUES (4002, 3001, 6.0000, 1109, '2018-12-11', '2021-01-09', 15, 0.0000000000);
INSERT INTO public.has_stock_supply (stock_id, supplier_id, unit_cost_price, medicine_id, manufacture_date, expiry_date, quantity, total_cost) VALUES (4004, 3002, 9.0000, 1110, '2018-12-20', '2020-12-19', 15, 0.0000000000);
INSERT INTO public.has_stock_supply (stock_id, supplier_id, unit_cost_price, medicine_id, manufacture_date, expiry_date, quantity, total_cost) VALUES (4012, 3003, 4.2500, 1001, '2018-12-19', '2020-12-23', 15, 0.0000000000);
INSERT INTO public.has_stock_supply (stock_id, supplier_id, unit_cost_price, medicine_id, manufacture_date, expiry_date, quantity, total_cost) VALUES (4012, 3003, 3.0000, 1002, '2019-01-17', '2021-01-13', 15, 0.0000000000);
INSERT INTO public.has_stock_supply (stock_id, supplier_id, unit_cost_price, medicine_id, manufacture_date, expiry_date, quantity, total_cost) VALUES (4012, 3003, 4.0000, 1003, '2019-01-03', '2020-12-18', 15, 0.0000000000);
INSERT INTO public.has_stock_supply (stock_id, supplier_id, unit_cost_price, medicine_id, manufacture_date, expiry_date, quantity, total_cost) VALUES (4012, 3003, 2.5000, 1004, '2018-11-26', '2021-01-17', 15, 0.0000000000);
INSERT INTO public.has_stock_supply (stock_id, supplier_id, unit_cost_price, medicine_id, manufacture_date, expiry_date, quantity, total_cost) VALUES (4012, 3003, 2.5000, 1005, '2019-01-22', '2020-12-08', 15, 0.0000000000);
INSERT INTO public.has_stock_supply (stock_id, supplier_id, unit_cost_price, medicine_id, manufacture_date, expiry_date, quantity, total_cost) VALUES (4012, 3003, 2.5000, 1006, '2019-01-03', '2021-01-05', 15, 0.0000000000);
INSERT INTO public.has_stock_supply (stock_id, supplier_id, unit_cost_price, medicine_id, manufacture_date, expiry_date, quantity, total_cost) VALUES (4012, 3003, 2.5000, 1007, '2019-01-11', '2020-11-27', 15, 0.0000000000);
INSERT INTO public.has_stock_supply (stock_id, supplier_id, unit_cost_price, medicine_id, manufacture_date, expiry_date, quantity, total_cost) VALUES (4012, 3003, 4.5000, 1008, '2019-01-11', '2020-11-25', 15, 0.0000000000);
INSERT INTO public.has_stock_supply (stock_id, supplier_id, unit_cost_price, medicine_id, manufacture_date, expiry_date, quantity, total_cost) VALUES (4008, 3001, 4.5500, 1009, '2018-12-10', '2020-12-23', 15, 0.0000000000);
INSERT INTO public.has_stock_supply (stock_id, supplier_id, unit_cost_price, medicine_id, manufacture_date, expiry_date, quantity, total_cost) VALUES (4008, 3001, 5.0000, 1010, '2018-11-24', '2021-01-23', 15, 0.0000000000);
INSERT INTO public.has_stock_supply (stock_id, supplier_id, unit_cost_price, medicine_id, manufacture_date, expiry_date, quantity, total_cost) VALUES (4008, 3001, 2.0000, 1011, '2018-12-29', '2021-01-20', 15, 0.0000000000);
INSERT INTO public.has_stock_supply (stock_id, supplier_id, unit_cost_price, medicine_id, manufacture_date, expiry_date, quantity, total_cost) VALUES (4010, 3002, 5.0000, 1012, '2018-11-29', '2021-01-11', 15, 0.0000000000);
INSERT INTO public.has_stock_supply (stock_id, supplier_id, unit_cost_price, medicine_id, manufacture_date, expiry_date, quantity, total_cost) VALUES (4008, 3001, 8.0000, 1013, '2019-01-09', '2020-11-29', 15, 0.0000000000);
INSERT INTO public.has_stock_supply (stock_id, supplier_id, unit_cost_price, medicine_id, manufacture_date, expiry_date, quantity, total_cost) VALUES (4007, 3001, 4.0000, 1014, '2018-12-01', '2020-12-22', 15, 0.0000000000);
INSERT INTO public.has_stock_supply (stock_id, supplier_id, unit_cost_price, medicine_id, manufacture_date, expiry_date, quantity, total_cost) VALUES (4007, 3001, 2.0000, 1015, '2018-12-01', '2020-12-21', 15, 0.0000000000);
INSERT INTO public.has_stock_supply (stock_id, supplier_id, unit_cost_price, medicine_id, manufacture_date, expiry_date, quantity, total_cost) VALUES (4007, 3001, 5.0000, 1016, '2018-12-22', '2020-11-25', 15, 0.0000000000);
INSERT INTO public.has_stock_supply (stock_id, supplier_id, unit_cost_price, medicine_id, manufacture_date, expiry_date, quantity, total_cost) VALUES (4007, 3001, 3.0000, 1017, '2018-11-30', '2020-12-27', 15, 0.0000000000);
INSERT INTO public.has_stock_supply (stock_id, supplier_id, unit_cost_price, medicine_id, manufacture_date, expiry_date, quantity, total_cost) VALUES (4008, 3001, 2.5000, 1018, '2018-12-01', '2021-01-17', 15, 0.0000000000);
INSERT INTO public.has_stock_supply (stock_id, supplier_id, unit_cost_price, medicine_id, manufacture_date, expiry_date, quantity, total_cost) VALUES (4007, 3001, 4.0000, 1019, '2019-01-06', '2021-01-21', 15, 0.0000000000);
INSERT INTO public.has_stock_supply (stock_id, supplier_id, unit_cost_price, medicine_id, manufacture_date, expiry_date, quantity, total_cost) VALUES (4007, 3001, 8.5000, 1020, '2019-01-04', '2021-01-19', 15, 0.0000000000);
INSERT INTO public.has_stock_supply (stock_id, supplier_id, unit_cost_price, medicine_id, manufacture_date, expiry_date, quantity, total_cost) VALUES (4007, 3001, 5.0000, 1021, '2019-01-10', '2020-12-28', 15, 0.0000000000);
INSERT INTO public.has_stock_supply (stock_id, supplier_id, unit_cost_price, medicine_id, manufacture_date, expiry_date, quantity, total_cost) VALUES (4008, 3001, 7.0000, 1022, '2019-01-23', '2020-11-26', 15, 0.0000000000);
INSERT INTO public.has_stock_supply (stock_id, supplier_id, unit_cost_price, medicine_id, manufacture_date, expiry_date, quantity, total_cost) VALUES (4007, 3001, 6.5000, 1023, '2018-12-25', '2020-12-11', 15, 0.0000000000);
INSERT INTO public.has_stock_supply (stock_id, supplier_id, unit_cost_price, medicine_id, manufacture_date, expiry_date, quantity, total_cost) VALUES (4007, 3001, 6.0000, 1024, '2018-12-14', '2020-11-27', 15, 0.0000000000);
INSERT INTO public.has_stock_supply (stock_id, supplier_id, unit_cost_price, medicine_id, manufacture_date, expiry_date, quantity, total_cost) VALUES (4011, 3003, 2.5500, 1025, '2018-12-06', '2020-11-27', 15, 0.0000000000);
INSERT INTO public.has_stock_supply (stock_id, supplier_id, unit_cost_price, medicine_id, manufacture_date, expiry_date, quantity, total_cost) VALUES (4011, 3003, 2.5000, 1026, '2018-12-12', '2020-12-16', 15, 0.0000000000);
INSERT INTO public.has_stock_supply (stock_id, supplier_id, unit_cost_price, medicine_id, manufacture_date, expiry_date, quantity, total_cost) VALUES (4011, 3003, 6.0000, 1027, '2018-12-10', '2020-12-14', 15, 0.0000000000);
INSERT INTO public.has_stock_supply (stock_id, supplier_id, unit_cost_price, medicine_id, manufacture_date, expiry_date, quantity, total_cost) VALUES (4011, 3003, 10.5000, 1028, '2018-12-02', '2021-01-07', 15, 0.0000000000);
INSERT INTO public.has_stock_supply (stock_id, supplier_id, unit_cost_price, medicine_id, manufacture_date, expiry_date, quantity, total_cost) VALUES (4011, 3003, 8.0000, 1029, '2019-01-22', '2020-12-21', 15, 0.0000000000);
INSERT INTO public.has_stock_supply (stock_id, supplier_id, unit_cost_price, medicine_id, manufacture_date, expiry_date, quantity, total_cost) VALUES (4011, 3003, 3.5000, 1030, '2018-12-21', '2021-01-10', 15, 0.0000000000);
INSERT INTO public.has_stock_supply (stock_id, supplier_id, unit_cost_price, medicine_id, manufacture_date, expiry_date, quantity, total_cost) VALUES (4010, 3002, 3.5000, 1031, '2018-12-01', '2020-12-01', 15, 0.0000000000);
INSERT INTO public.has_stock_supply (stock_id, supplier_id, unit_cost_price, medicine_id, manufacture_date, expiry_date, quantity, total_cost) VALUES (4011, 3003, 14.0000, 1032, '2018-12-17', '2020-12-29', 15, 0.0000000000);
INSERT INTO public.has_stock_supply (stock_id, supplier_id, unit_cost_price, medicine_id, manufacture_date, expiry_date, quantity, total_cost) VALUES (4010, 3002, 10.0000, 1033, '2018-12-04', '2021-01-04', 15, 0.0000000000);
INSERT INTO public.has_stock_supply (stock_id, supplier_id, unit_cost_price, medicine_id, manufacture_date, expiry_date, quantity, total_cost) VALUES (4010, 3002, 9.5000, 1034, '2018-12-09', '2020-12-14', 15, 0.0000000000);
INSERT INTO public.has_stock_supply (stock_id, supplier_id, unit_cost_price, medicine_id, manufacture_date, expiry_date, quantity, total_cost) VALUES (4009, 3002, 1.5000, 1035, '2018-12-25', '2020-11-24', 15, 0.0000000000);
INSERT INTO public.has_stock_supply (stock_id, supplier_id, unit_cost_price, medicine_id, manufacture_date, expiry_date, quantity, total_cost) VALUES (4009, 3002, 3.0000, 1036, '2018-12-04', '2020-12-10', 15, 0.0000000000);
INSERT INTO public.has_stock_supply (stock_id, supplier_id, unit_cost_price, medicine_id, manufacture_date, expiry_date, quantity, total_cost) VALUES (4009, 3002, 3.0000, 1037, '2019-01-14', '2020-12-04', 15, 0.0000000000);
INSERT INTO public.has_stock_supply (stock_id, supplier_id, unit_cost_price, medicine_id, manufacture_date, expiry_date, quantity, total_cost) VALUES (4009, 3002, 5.0000, 1038, '2018-11-28', '2020-12-28', 15, 0.0000000000);
INSERT INTO public.has_stock_supply (stock_id, supplier_id, unit_cost_price, medicine_id, manufacture_date, expiry_date, quantity, total_cost) VALUES (4009, 3002, 3.5000, 1039, '2018-12-01', '2021-01-22', 15, 0.0000000000);
INSERT INTO public.has_stock_supply (stock_id, supplier_id, unit_cost_price, medicine_id, manufacture_date, expiry_date, quantity, total_cost) VALUES (4009, 3002, 15.5000, 1040, '2019-01-21', '2020-12-16', 15, 0.0000000000);
INSERT INTO public.has_stock_supply (stock_id, supplier_id, unit_cost_price, medicine_id, manufacture_date, expiry_date, quantity, total_cost) VALUES (4009, 3002, 7.5000, 1041, '2018-12-05', '2021-01-05', 15, 0.0000000000);
INSERT INTO public.has_stock_supply (stock_id, supplier_id, unit_cost_price, medicine_id, manufacture_date, expiry_date, quantity, total_cost) VALUES (4009, 3002, 18.5000, 1042, '2018-12-25', '2020-11-30', 15, 0.0000000000);
INSERT INTO public.has_stock_supply (stock_id, supplier_id, unit_cost_price, medicine_id, manufacture_date, expiry_date, quantity, total_cost) VALUES (4009, 3002, 8.0000, 1043, '2019-01-12', '2021-01-23', 15, 0.0000000000);
INSERT INTO public.has_stock_supply (stock_id, supplier_id, unit_cost_price, medicine_id, manufacture_date, expiry_date, quantity, total_cost) VALUES (4009, 3002, 3.0000, 1044, '2019-01-10', '2021-01-11', 15, 0.0000000000);
INSERT INTO public.has_stock_supply (stock_id, supplier_id, unit_cost_price, medicine_id, manufacture_date, expiry_date, quantity, total_cost) VALUES (4009, 3002, 3.2900, 1045, '2018-12-10', '2020-12-08', 15, 0.0000000000);
INSERT INTO public.has_stock_supply (stock_id, supplier_id, unit_cost_price, medicine_id, manufacture_date, expiry_date, quantity, total_cost) VALUES (4009, 3002, 2.5000, 1046, '2018-11-27', '2020-12-02', 15, 0.0000000000);
INSERT INTO public.has_stock_supply (stock_id, supplier_id, unit_cost_price, medicine_id, manufacture_date, expiry_date, quantity, total_cost) VALUES (4010, 3002, 7.5000, 1047, '2019-01-01', '2021-01-01', 15, 0.0000000000);
INSERT INTO public.has_stock_supply (stock_id, supplier_id, unit_cost_price, medicine_id, manufacture_date, expiry_date, quantity, total_cost) VALUES (4010, 3002, 5.0000, 1048, '2019-01-02', '2021-01-16', 15, 0.0000000000);
INSERT INTO public.has_stock_supply (stock_id, supplier_id, unit_cost_price, medicine_id, manufacture_date, expiry_date, quantity, total_cost) VALUES (4010, 3002, 10.0000, 1049, '2018-12-19', '2021-01-08', 15, 0.0000000000);
INSERT INTO public.has_stock_supply (stock_id, supplier_id, unit_cost_price, medicine_id, manufacture_date, expiry_date, quantity, total_cost) VALUES (4010, 3002, 3.0000, 1050, '2018-12-08', '2020-12-27', 15, 0.0000000000);
INSERT INTO public.has_stock_supply (stock_id, supplier_id, unit_cost_price, medicine_id, manufacture_date, expiry_date, quantity, total_cost) VALUES (4010, 3002, 2.5000, 1051, '2018-12-23', '2021-01-01', 15, 0.0000000000);
INSERT INTO public.has_stock_supply (stock_id, supplier_id, unit_cost_price, medicine_id, manufacture_date, expiry_date, quantity, total_cost) VALUES (4010, 3002, 2.5000, 1052, '2018-12-05', '2021-01-11', 15, 0.0000000000);
INSERT INTO public.has_stock_supply (stock_id, supplier_id, unit_cost_price, medicine_id, manufacture_date, expiry_date, quantity, total_cost) VALUES (4007, 3001, 15.5000, 1053, '2019-01-17', '2021-01-04', 15, 0.0000000000);
INSERT INTO public.has_stock_supply (stock_id, supplier_id, unit_cost_price, medicine_id, manufacture_date, expiry_date, quantity, total_cost) VALUES (4011, 3003, 4.0000, 1054, '2019-01-15', '2020-12-30', 15, 0.0000000000);
INSERT INTO public.has_stock_supply (stock_id, supplier_id, unit_cost_price, medicine_id, manufacture_date, expiry_date, quantity, total_cost) VALUES (4008, 3001, 12.0000, 1055, '2019-01-16', '2021-01-04', 15, 0.0000000000);
INSERT INTO public.has_stock_supply (stock_id, supplier_id, unit_cost_price, medicine_id, manufacture_date, expiry_date, quantity, total_cost) VALUES (4009, 3002, 2.0000, 1056, '2019-01-02', '2020-11-28', 15, 0.0000000000);
INSERT INTO public.has_stock_supply (stock_id, supplier_id, unit_cost_price, medicine_id, manufacture_date, expiry_date, quantity, total_cost) VALUES (4009, 3002, 2.5000, 1057, '2019-01-01', '2020-12-15', 15, 0.0000000000);
INSERT INTO public.has_stock_supply (stock_id, supplier_id, unit_cost_price, medicine_id, manufacture_date, expiry_date, quantity, total_cost) VALUES (4012, 3003, 5.0000, 1058, '2018-11-24', '2021-01-02', 15, 0.0000000000);
INSERT INTO public.has_stock_supply (stock_id, supplier_id, unit_cost_price, medicine_id, manufacture_date, expiry_date, quantity, total_cost) VALUES (4007, 3001, 7.5000, 1059, '2018-12-09', '2021-01-10', 15, 0.0000000000);
INSERT INTO public.has_stock_supply (stock_id, supplier_id, unit_cost_price, medicine_id, manufacture_date, expiry_date, quantity, total_cost) VALUES (4011, 3003, 5.0000, 1060, '2018-12-20', '2020-12-18', 15, 0.0000000000);
INSERT INTO public.has_stock_supply (stock_id, supplier_id, unit_cost_price, medicine_id, manufacture_date, expiry_date, quantity, total_cost) VALUES (4010, 3002, 12.0000, 1061, '2018-12-14', '2020-12-18', 15, 0.0000000000);
INSERT INTO public.has_stock_supply (stock_id, supplier_id, unit_cost_price, medicine_id, manufacture_date, expiry_date, quantity, total_cost) VALUES (4007, 3001, 12.5000, 1062, '2019-01-01', '2021-01-18', 15, 0.0000000000);
INSERT INTO public.has_stock_supply (stock_id, supplier_id, unit_cost_price, medicine_id, manufacture_date, expiry_date, quantity, total_cost) VALUES (4007, 3001, 6.0000, 1063, '2019-01-23', '2020-12-28', 15, 0.0000000000);
INSERT INTO public.has_stock_supply (stock_id, supplier_id, unit_cost_price, medicine_id, manufacture_date, expiry_date, quantity, total_cost) VALUES (4011, 3003, 12.0000, 1064, '2019-01-08', '2021-01-06', 15, 0.0000000000);
INSERT INTO public.has_stock_supply (stock_id, supplier_id, unit_cost_price, medicine_id, manufacture_date, expiry_date, quantity, total_cost) VALUES (4008, 3001, 0.8500, 1065, '2019-01-22', '2020-12-31', 15, 0.0000000000);
INSERT INTO public.has_stock_supply (stock_id, supplier_id, unit_cost_price, medicine_id, manufacture_date, expiry_date, quantity, total_cost) VALUES (4009, 3002, 2.0000, 1066, '2019-01-19', '2021-01-21', 15, 0.0000000000);
INSERT INTO public.has_stock_supply (stock_id, supplier_id, unit_cost_price, medicine_id, manufacture_date, expiry_date, quantity, total_cost) VALUES (4009, 3002, 2.2500, 1067, '2018-12-07', '2021-01-05', 15, 0.0000000000);
INSERT INTO public.has_stock_supply (stock_id, supplier_id, unit_cost_price, medicine_id, manufacture_date, expiry_date, quantity, total_cost) VALUES (4012, 3003, 3.1500, 1068, '2018-12-20', '2020-12-11', 15, 0.0000000000);
INSERT INTO public.has_stock_supply (stock_id, supplier_id, unit_cost_price, medicine_id, manufacture_date, expiry_date, quantity, total_cost) VALUES (4007, 3001, 1.5000, 1069, '2018-12-21', '2020-12-03', 15, 0.0000000000);
INSERT INTO public.has_stock_supply (stock_id, supplier_id, unit_cost_price, medicine_id, manufacture_date, expiry_date, quantity, total_cost) VALUES (4007, 3001, 17.5000, 1070, '2018-12-21', '2020-11-24', 15, 0.0000000000);
INSERT INTO public.has_stock_supply (stock_id, supplier_id, unit_cost_price, medicine_id, manufacture_date, expiry_date, quantity, total_cost) VALUES (4011, 3003, 3.0000, 1071, '2018-12-22', '2020-11-24', 15, 0.0000000000);
INSERT INTO public.has_stock_supply (stock_id, supplier_id, unit_cost_price, medicine_id, manufacture_date, expiry_date, quantity, total_cost) VALUES (4008, 3001, 3.0000, 1072, '2018-11-30', '2020-12-12', 15, 0.0000000000);
INSERT INTO public.has_stock_supply (stock_id, supplier_id, unit_cost_price, medicine_id, manufacture_date, expiry_date, quantity, total_cost) VALUES (4009, 3002, 3.2500, 1073, '2018-12-28', '2021-01-03', 15, 0.0000000000);
INSERT INTO public.has_stock_supply (stock_id, supplier_id, unit_cost_price, medicine_id, manufacture_date, expiry_date, quantity, total_cost) VALUES (4009, 3002, 3.0000, 1074, '2019-01-01', '2021-01-07', 15, 0.0000000000);
INSERT INTO public.has_stock_supply (stock_id, supplier_id, unit_cost_price, medicine_id, manufacture_date, expiry_date, quantity, total_cost) VALUES (4012, 3003, 3.0000, 1075, '2018-12-16', '2020-12-04', 15, 0.0000000000);
INSERT INTO public.has_stock_supply (stock_id, supplier_id, unit_cost_price, medicine_id, manufacture_date, expiry_date, quantity, total_cost) VALUES (4007, 3001, 1.0000, 1076, '2019-01-03', '2020-12-10', 15, 0.0000000000);
INSERT INTO public.has_stock_supply (stock_id, supplier_id, unit_cost_price, medicine_id, manufacture_date, expiry_date, quantity, total_cost) VALUES (4011, 3003, 6.0000, 1077, '2018-12-01', '2020-12-14', 15, 0.0000000000);
INSERT INTO public.has_stock_supply (stock_id, supplier_id, unit_cost_price, medicine_id, manufacture_date, expiry_date, quantity, total_cost) VALUES (4010, 3002, 5.0000, 1078, '2018-12-18', '2020-11-27', 15, 0.0000000000);
INSERT INTO public.has_stock_supply (stock_id, supplier_id, unit_cost_price, medicine_id, manufacture_date, expiry_date, quantity, total_cost) VALUES (4007, 3001, 5.5000, 1079, '2019-01-03', '2021-01-18', 15, 0.0000000000);
INSERT INTO public.has_stock_supply (stock_id, supplier_id, unit_cost_price, medicine_id, manufacture_date, expiry_date, quantity, total_cost) VALUES (4012, 3003, 4.5000, 1080, '2018-12-02', '2020-12-05', 15, 0.0000000000);
INSERT INTO public.has_stock_supply (stock_id, supplier_id, unit_cost_price, medicine_id, manufacture_date, expiry_date, quantity, total_cost) VALUES (4010, 3002, 7.0000, 1081, '2018-11-29', '2021-01-20', 15, 0.0000000000);
INSERT INTO public.has_stock_supply (stock_id, supplier_id, unit_cost_price, medicine_id, manufacture_date, expiry_date, quantity, total_cost) VALUES (4008, 3001, 6.0000, 1082, '2019-01-12', '2021-01-16', 15, 0.0000000000);
INSERT INTO public.has_stock_supply (stock_id, supplier_id, unit_cost_price, medicine_id, manufacture_date, expiry_date, quantity, total_cost) VALUES (4011, 3003, 5.5000, 1083, '2018-12-02', '2021-01-06', 15, 0.0000000000);
INSERT INTO public.has_stock_supply (stock_id, supplier_id, unit_cost_price, medicine_id, manufacture_date, expiry_date, quantity, total_cost) VALUES (4007, 3001, 5.7500, 1084, '2018-12-06', '2020-12-04', 15, 0.0000000000);
INSERT INTO public.has_stock_supply (stock_id, supplier_id, unit_cost_price, medicine_id, manufacture_date, expiry_date, quantity, total_cost) VALUES (4011, 3003, 4.5000, 1085, '2019-01-15', '2020-12-14', 15, 0.0000000000);
INSERT INTO public.has_stock_supply (stock_id, supplier_id, unit_cost_price, medicine_id, manufacture_date, expiry_date, quantity, total_cost) VALUES (4008, 3001, 6.0000, 1086, '2019-01-12', '2021-01-07', 15, 0.0000000000);
INSERT INTO public.has_stock_supply (stock_id, supplier_id, unit_cost_price, medicine_id, manufacture_date, expiry_date, quantity, total_cost) VALUES (4009, 3002, 3.5000, 1087, '2018-12-31', '2020-12-08', 15, 0.0000000000);
INSERT INTO public.has_stock_supply (stock_id, supplier_id, unit_cost_price, medicine_id, manufacture_date, expiry_date, quantity, total_cost) VALUES (4009, 3002, 8.7500, 1088, '2018-11-28', '2020-12-11', 15, 0.0000000000);
INSERT INTO public.has_stock_supply (stock_id, supplier_id, unit_cost_price, medicine_id, manufacture_date, expiry_date, quantity, total_cost) VALUES (4012, 3003, 3.1000, 1089, '2018-12-06', '2020-11-27', 15, 0.0000000000);
INSERT INTO public.has_stock_supply (stock_id, supplier_id, unit_cost_price, medicine_id, manufacture_date, expiry_date, quantity, total_cost) VALUES (4007, 3001, 7.0000, 1090, '2018-11-25', '2021-01-11', 15, 0.0000000000);
INSERT INTO public.has_stock_supply (stock_id, supplier_id, unit_cost_price, medicine_id, manufacture_date, expiry_date, quantity, total_cost) VALUES (4011, 3003, 8.0000, 1091, '2018-12-30', '2021-01-13', 15, 0.0000000000);
INSERT INTO public.has_stock_supply (stock_id, supplier_id, unit_cost_price, medicine_id, manufacture_date, expiry_date, quantity, total_cost) VALUES (4010, 3002, 8.0000, 1092, '2018-12-17', '2020-11-24', 15, 0.0000000000);
INSERT INTO public.has_stock_supply (stock_id, supplier_id, unit_cost_price, medicine_id, manufacture_date, expiry_date, quantity, total_cost) VALUES (4007, 3001, 2.5000, 1093, '2018-12-30', '2020-12-25', 15, 0.0000000000);
INSERT INTO public.has_stock_supply (stock_id, supplier_id, unit_cost_price, medicine_id, manufacture_date, expiry_date, quantity, total_cost) VALUES (4012, 3003, 4.3800, 1094, '2019-01-04', '2020-12-08', 15, 0.0000000000);
INSERT INTO public.has_stock_supply (stock_id, supplier_id, unit_cost_price, medicine_id, manufacture_date, expiry_date, quantity, total_cost) VALUES (4010, 3002, 2.5000, 1095, '2018-12-21', '2020-11-27', 15, 0.0000000000);
INSERT INTO public.has_stock_supply (stock_id, supplier_id, unit_cost_price, medicine_id, manufacture_date, expiry_date, quantity, total_cost) VALUES (4008, 3001, 3.0000, 1096, '2019-01-03', '2020-12-18', 15, 0.0000000000);
INSERT INTO public.has_stock_supply (stock_id, supplier_id, unit_cost_price, medicine_id, manufacture_date, expiry_date, quantity, total_cost) VALUES (4007, 3001, 3.0000, 1097, '2018-12-17', '2020-12-30', 15, 0.0000000000);
INSERT INTO public.has_stock_supply (stock_id, supplier_id, unit_cost_price, medicine_id, manufacture_date, expiry_date, quantity, total_cost) VALUES (4011, 3003, 4.0000, 1098, '2019-01-20', '2021-01-19', 15, 0.0000000000);
INSERT INTO public.has_stock_supply (stock_id, supplier_id, unit_cost_price, medicine_id, manufacture_date, expiry_date, quantity, total_cost) VALUES (4008, 3001, 4.0000, 1099, '2018-12-23', '2020-12-21', 15, 0.0000000000);
INSERT INTO public.has_stock_supply (stock_id, supplier_id, unit_cost_price, medicine_id, manufacture_date, expiry_date, quantity, total_cost) VALUES (4009, 3002, 10.0000, 1100, '2019-01-11', '2020-12-27', 15, 0.0000000000);
INSERT INTO public.has_stock_supply (stock_id, supplier_id, unit_cost_price, medicine_id, manufacture_date, expiry_date, quantity, total_cost) VALUES (4009, 3002, 6.6400, 1101, '2018-12-05', '2020-11-28', 15, 0.0000000000);
INSERT INTO public.has_stock_supply (stock_id, supplier_id, unit_cost_price, medicine_id, manufacture_date, expiry_date, quantity, total_cost) VALUES (4012, 3003, 6.0000, 1102, '2018-12-09', '2020-11-25', 15, 0.0000000000);
INSERT INTO public.has_stock_supply (stock_id, supplier_id, unit_cost_price, medicine_id, manufacture_date, expiry_date, quantity, total_cost) VALUES (4007, 3001, 6.0000, 1103, '2018-12-26', '2020-12-12', 15, 0.0000000000);
INSERT INTO public.has_stock_supply (stock_id, supplier_id, unit_cost_price, medicine_id, manufacture_date, expiry_date, quantity, total_cost) VALUES (4011, 3003, 12.2000, 1104, '2018-12-15', '2020-12-07', 15, 0.0000000000);
INSERT INTO public.has_stock_supply (stock_id, supplier_id, unit_cost_price, medicine_id, manufacture_date, expiry_date, quantity, total_cost) VALUES (4010, 3002, 14.2000, 1105, '2019-01-23', '2020-11-26', 15, 0.0000000000);
INSERT INTO public.has_stock_supply (stock_id, supplier_id, unit_cost_price, medicine_id, manufacture_date, expiry_date, quantity, total_cost) VALUES (4007, 3001, 12.0000, 1106, '2019-01-13', '2020-12-05', 15, 0.0000000000);
INSERT INTO public.has_stock_supply (stock_id, supplier_id, unit_cost_price, medicine_id, manufacture_date, expiry_date, quantity, total_cost) VALUES (4012, 3003, 15.0000, 1107, '2018-12-31', '2020-11-30', 15, 0.0000000000);
INSERT INTO public.has_stock_supply (stock_id, supplier_id, unit_cost_price, medicine_id, manufacture_date, expiry_date, quantity, total_cost) VALUES (4010, 3002, 8.0000, 1108, '2019-01-20', '2020-12-31', 15, 0.0000000000);
INSERT INTO public.has_stock_supply (stock_id, supplier_id, unit_cost_price, medicine_id, manufacture_date, expiry_date, quantity, total_cost) VALUES (4008, 3001, 6.0000, 1109, '2018-12-11', '2021-01-09', 15, 0.0000000000);
INSERT INTO public.has_stock_supply (stock_id, supplier_id, unit_cost_price, medicine_id, manufacture_date, expiry_date, quantity, total_cost) VALUES (4010, 3002, 9.0000, 1110, '2018-12-20', '2020-12-19', 15, 0.0000000000);
INSERT INTO public.has_stock_supply (stock_id, supplier_id, unit_cost_price, medicine_id, manufacture_date, expiry_date, quantity, total_cost) VALUES (4018, 3003, 4.2500, 1001, '2018-12-19', '2020-12-23', 15, 0.0000000000);
INSERT INTO public.has_stock_supply (stock_id, supplier_id, unit_cost_price, medicine_id, manufacture_date, expiry_date, quantity, total_cost) VALUES (4018, 3003, 3.0000, 1002, '2019-01-17', '2021-01-13', 15, 0.0000000000);
INSERT INTO public.has_stock_supply (stock_id, supplier_id, unit_cost_price, medicine_id, manufacture_date, expiry_date, quantity, total_cost) VALUES (4018, 3003, 4.0000, 1003, '2019-01-03', '2020-12-18', 15, 0.0000000000);
INSERT INTO public.has_stock_supply (stock_id, supplier_id, unit_cost_price, medicine_id, manufacture_date, expiry_date, quantity, total_cost) VALUES (4018, 3003, 2.5000, 1004, '2018-11-26', '2021-01-17', 15, 0.0000000000);
INSERT INTO public.has_stock_supply (stock_id, supplier_id, unit_cost_price, medicine_id, manufacture_date, expiry_date, quantity, total_cost) VALUES (4018, 3003, 2.5000, 1005, '2019-01-22', '2020-12-08', 15, 0.0000000000);
INSERT INTO public.has_stock_supply (stock_id, supplier_id, unit_cost_price, medicine_id, manufacture_date, expiry_date, quantity, total_cost) VALUES (4018, 3003, 2.5000, 1006, '2019-01-03', '2021-01-05', 15, 0.0000000000);
INSERT INTO public.has_stock_supply (stock_id, supplier_id, unit_cost_price, medicine_id, manufacture_date, expiry_date, quantity, total_cost) VALUES (4018, 3003, 2.5000, 1007, '2019-01-11', '2020-11-27', 15, 0.0000000000);
INSERT INTO public.has_stock_supply (stock_id, supplier_id, unit_cost_price, medicine_id, manufacture_date, expiry_date, quantity, total_cost) VALUES (4018, 3003, 4.5000, 1008, '2019-01-11', '2020-11-25', 15, 0.0000000000);
INSERT INTO public.has_stock_supply (stock_id, supplier_id, unit_cost_price, medicine_id, manufacture_date, expiry_date, quantity, total_cost) VALUES (4014, 3001, 4.5500, 1009, '2018-12-10', '2020-12-23', 15, 0.0000000000);
INSERT INTO public.has_stock_supply (stock_id, supplier_id, unit_cost_price, medicine_id, manufacture_date, expiry_date, quantity, total_cost) VALUES (4014, 3001, 5.0000, 1010, '2018-11-24', '2021-01-23', 15, 0.0000000000);
INSERT INTO public.has_stock_supply (stock_id, supplier_id, unit_cost_price, medicine_id, manufacture_date, expiry_date, quantity, total_cost) VALUES (4014, 3001, 2.0000, 1011, '2018-12-29', '2021-01-20', 15, 0.0000000000);
INSERT INTO public.has_stock_supply (stock_id, supplier_id, unit_cost_price, medicine_id, manufacture_date, expiry_date, quantity, total_cost) VALUES (4016, 3002, 5.0000, 1012, '2018-11-29', '2021-01-11', 15, 0.0000000000);
INSERT INTO public.has_stock_supply (stock_id, supplier_id, unit_cost_price, medicine_id, manufacture_date, expiry_date, quantity, total_cost) VALUES (4014, 3001, 8.0000, 1013, '2019-01-09', '2020-11-29', 15, 0.0000000000);
INSERT INTO public.has_stock_supply (stock_id, supplier_id, unit_cost_price, medicine_id, manufacture_date, expiry_date, quantity, total_cost) VALUES (4013, 3001, 4.0000, 1014, '2018-12-01', '2020-12-22', 15, 0.0000000000);
INSERT INTO public.has_stock_supply (stock_id, supplier_id, unit_cost_price, medicine_id, manufacture_date, expiry_date, quantity, total_cost) VALUES (4013, 3001, 2.0000, 1015, '2018-12-01', '2020-12-21', 15, 0.0000000000);
INSERT INTO public.has_stock_supply (stock_id, supplier_id, unit_cost_price, medicine_id, manufacture_date, expiry_date, quantity, total_cost) VALUES (4013, 3001, 5.0000, 1016, '2018-12-22', '2020-11-25', 15, 0.0000000000);
INSERT INTO public.has_stock_supply (stock_id, supplier_id, unit_cost_price, medicine_id, manufacture_date, expiry_date, quantity, total_cost) VALUES (4013, 3001, 3.0000, 1017, '2018-11-30', '2020-12-27', 15, 0.0000000000);
INSERT INTO public.has_stock_supply (stock_id, supplier_id, unit_cost_price, medicine_id, manufacture_date, expiry_date, quantity, total_cost) VALUES (4014, 3001, 2.5000, 1018, '2018-12-01', '2021-01-17', 15, 0.0000000000);
INSERT INTO public.has_stock_supply (stock_id, supplier_id, unit_cost_price, medicine_id, manufacture_date, expiry_date, quantity, total_cost) VALUES (4013, 3001, 4.0000, 1019, '2019-01-06', '2021-01-21', 15, 0.0000000000);
INSERT INTO public.has_stock_supply (stock_id, supplier_id, unit_cost_price, medicine_id, manufacture_date, expiry_date, quantity, total_cost) VALUES (4013, 3001, 8.5000, 1020, '2019-01-04', '2021-01-19', 15, 0.0000000000);
INSERT INTO public.has_stock_supply (stock_id, supplier_id, unit_cost_price, medicine_id, manufacture_date, expiry_date, quantity, total_cost) VALUES (4013, 3001, 5.0000, 1021, '2019-01-10', '2020-12-28', 15, 0.0000000000);
INSERT INTO public.has_stock_supply (stock_id, supplier_id, unit_cost_price, medicine_id, manufacture_date, expiry_date, quantity, total_cost) VALUES (4014, 3001, 7.0000, 1022, '2019-01-23', '2020-11-26', 15, 0.0000000000);
INSERT INTO public.has_stock_supply (stock_id, supplier_id, unit_cost_price, medicine_id, manufacture_date, expiry_date, quantity, total_cost) VALUES (4013, 3001, 6.5000, 1023, '2018-12-25', '2020-12-11', 15, 0.0000000000);
INSERT INTO public.has_stock_supply (stock_id, supplier_id, unit_cost_price, medicine_id, manufacture_date, expiry_date, quantity, total_cost) VALUES (4013, 3001, 6.0000, 1024, '2018-12-14', '2020-11-27', 15, 0.0000000000);
INSERT INTO public.has_stock_supply (stock_id, supplier_id, unit_cost_price, medicine_id, manufacture_date, expiry_date, quantity, total_cost) VALUES (4017, 3003, 2.5500, 1025, '2018-12-06', '2020-11-27', 15, 0.0000000000);
INSERT INTO public.has_stock_supply (stock_id, supplier_id, unit_cost_price, medicine_id, manufacture_date, expiry_date, quantity, total_cost) VALUES (4017, 3003, 2.5000, 1026, '2018-12-12', '2020-12-16', 15, 0.0000000000);
INSERT INTO public.has_stock_supply (stock_id, supplier_id, unit_cost_price, medicine_id, manufacture_date, expiry_date, quantity, total_cost) VALUES (4017, 3003, 6.0000, 1027, '2018-12-10', '2020-12-14', 15, 0.0000000000);
INSERT INTO public.has_stock_supply (stock_id, supplier_id, unit_cost_price, medicine_id, manufacture_date, expiry_date, quantity, total_cost) VALUES (4017, 3003, 10.5000, 1028, '2018-12-02', '2021-01-07', 15, 0.0000000000);
INSERT INTO public.has_stock_supply (stock_id, supplier_id, unit_cost_price, medicine_id, manufacture_date, expiry_date, quantity, total_cost) VALUES (4017, 3003, 8.0000, 1029, '2019-01-22', '2020-12-21', 15, 0.0000000000);
INSERT INTO public.has_stock_supply (stock_id, supplier_id, unit_cost_price, medicine_id, manufacture_date, expiry_date, quantity, total_cost) VALUES (4017, 3003, 3.5000, 1030, '2018-12-21', '2021-01-10', 15, 0.0000000000);
INSERT INTO public.has_stock_supply (stock_id, supplier_id, unit_cost_price, medicine_id, manufacture_date, expiry_date, quantity, total_cost) VALUES (4016, 3002, 3.5000, 1031, '2018-12-01', '2020-12-01', 15, 0.0000000000);
INSERT INTO public.has_stock_supply (stock_id, supplier_id, unit_cost_price, medicine_id, manufacture_date, expiry_date, quantity, total_cost) VALUES (4017, 3003, 14.0000, 1032, '2018-12-17', '2020-12-29', 15, 0.0000000000);
INSERT INTO public.has_stock_supply (stock_id, supplier_id, unit_cost_price, medicine_id, manufacture_date, expiry_date, quantity, total_cost) VALUES (4016, 3002, 10.0000, 1033, '2018-12-04', '2021-01-04', 15, 0.0000000000);
INSERT INTO public.has_stock_supply (stock_id, supplier_id, unit_cost_price, medicine_id, manufacture_date, expiry_date, quantity, total_cost) VALUES (4016, 3002, 9.5000, 1034, '2018-12-09', '2020-12-14', 15, 0.0000000000);
INSERT INTO public.has_stock_supply (stock_id, supplier_id, unit_cost_price, medicine_id, manufacture_date, expiry_date, quantity, total_cost) VALUES (4015, 3002, 1.5000, 1035, '2018-12-25', '2020-11-24', 15, 0.0000000000);
INSERT INTO public.has_stock_supply (stock_id, supplier_id, unit_cost_price, medicine_id, manufacture_date, expiry_date, quantity, total_cost) VALUES (4015, 3002, 3.0000, 1036, '2018-12-04', '2020-12-10', 15, 0.0000000000);
INSERT INTO public.has_stock_supply (stock_id, supplier_id, unit_cost_price, medicine_id, manufacture_date, expiry_date, quantity, total_cost) VALUES (4015, 3002, 3.0000, 1037, '2019-01-14', '2020-12-04', 15, 0.0000000000);
INSERT INTO public.has_stock_supply (stock_id, supplier_id, unit_cost_price, medicine_id, manufacture_date, expiry_date, quantity, total_cost) VALUES (4015, 3002, 5.0000, 1038, '2018-11-28', '2020-12-28', 15, 0.0000000000);
INSERT INTO public.has_stock_supply (stock_id, supplier_id, unit_cost_price, medicine_id, manufacture_date, expiry_date, quantity, total_cost) VALUES (4015, 3002, 3.5000, 1039, '2018-12-01', '2021-01-22', 15, 0.0000000000);
INSERT INTO public.has_stock_supply (stock_id, supplier_id, unit_cost_price, medicine_id, manufacture_date, expiry_date, quantity, total_cost) VALUES (4015, 3002, 15.5000, 1040, '2019-01-21', '2020-12-16', 15, 0.0000000000);
INSERT INTO public.has_stock_supply (stock_id, supplier_id, unit_cost_price, medicine_id, manufacture_date, expiry_date, quantity, total_cost) VALUES (4015, 3002, 7.5000, 1041, '2018-12-05', '2021-01-05', 15, 0.0000000000);
INSERT INTO public.has_stock_supply (stock_id, supplier_id, unit_cost_price, medicine_id, manufacture_date, expiry_date, quantity, total_cost) VALUES (4015, 3002, 18.5000, 1042, '2018-12-25', '2020-11-30', 15, 0.0000000000);
INSERT INTO public.has_stock_supply (stock_id, supplier_id, unit_cost_price, medicine_id, manufacture_date, expiry_date, quantity, total_cost) VALUES (4015, 3002, 8.0000, 1043, '2019-01-12', '2021-01-23', 15, 0.0000000000);
INSERT INTO public.has_stock_supply (stock_id, supplier_id, unit_cost_price, medicine_id, manufacture_date, expiry_date, quantity, total_cost) VALUES (4015, 3002, 3.0000, 1044, '2019-01-10', '2021-01-11', 15, 0.0000000000);
INSERT INTO public.has_stock_supply (stock_id, supplier_id, unit_cost_price, medicine_id, manufacture_date, expiry_date, quantity, total_cost) VALUES (4015, 3002, 3.2900, 1045, '2018-12-10', '2020-12-08', 15, 0.0000000000);
INSERT INTO public.has_stock_supply (stock_id, supplier_id, unit_cost_price, medicine_id, manufacture_date, expiry_date, quantity, total_cost) VALUES (4015, 3002, 2.5000, 1046, '2018-11-27', '2020-12-02', 15, 0.0000000000);
INSERT INTO public.has_stock_supply (stock_id, supplier_id, unit_cost_price, medicine_id, manufacture_date, expiry_date, quantity, total_cost) VALUES (4016, 3002, 7.5000, 1047, '2019-01-01', '2021-01-01', 15, 0.0000000000);
INSERT INTO public.has_stock_supply (stock_id, supplier_id, unit_cost_price, medicine_id, manufacture_date, expiry_date, quantity, total_cost) VALUES (4016, 3002, 5.0000, 1048, '2019-01-02', '2021-01-16', 15, 0.0000000000);
INSERT INTO public.has_stock_supply (stock_id, supplier_id, unit_cost_price, medicine_id, manufacture_date, expiry_date, quantity, total_cost) VALUES (4016, 3002, 10.0000, 1049, '2018-12-19', '2021-01-08', 15, 0.0000000000);
INSERT INTO public.has_stock_supply (stock_id, supplier_id, unit_cost_price, medicine_id, manufacture_date, expiry_date, quantity, total_cost) VALUES (4016, 3002, 3.0000, 1050, '2018-12-08', '2020-12-27', 15, 0.0000000000);
INSERT INTO public.has_stock_supply (stock_id, supplier_id, unit_cost_price, medicine_id, manufacture_date, expiry_date, quantity, total_cost) VALUES (4016, 3002, 2.5000, 1051, '2018-12-23', '2021-01-01', 15, 0.0000000000);
INSERT INTO public.has_stock_supply (stock_id, supplier_id, unit_cost_price, medicine_id, manufacture_date, expiry_date, quantity, total_cost) VALUES (4016, 3002, 2.5000, 1052, '2018-12-05', '2021-01-11', 15, 0.0000000000);
INSERT INTO public.has_stock_supply (stock_id, supplier_id, unit_cost_price, medicine_id, manufacture_date, expiry_date, quantity, total_cost) VALUES (4013, 3001, 15.5000, 1053, '2019-01-17', '2021-01-04', 15, 0.0000000000);
INSERT INTO public.has_stock_supply (stock_id, supplier_id, unit_cost_price, medicine_id, manufacture_date, expiry_date, quantity, total_cost) VALUES (4017, 3003, 4.0000, 1054, '2019-01-15', '2020-12-30', 15, 0.0000000000);
INSERT INTO public.has_stock_supply (stock_id, supplier_id, unit_cost_price, medicine_id, manufacture_date, expiry_date, quantity, total_cost) VALUES (4014, 3001, 12.0000, 1055, '2019-01-16', '2021-01-04', 15, 0.0000000000);
INSERT INTO public.has_stock_supply (stock_id, supplier_id, unit_cost_price, medicine_id, manufacture_date, expiry_date, quantity, total_cost) VALUES (4015, 3002, 2.0000, 1056, '2019-01-02', '2020-11-28', 15, 0.0000000000);
INSERT INTO public.has_stock_supply (stock_id, supplier_id, unit_cost_price, medicine_id, manufacture_date, expiry_date, quantity, total_cost) VALUES (4015, 3002, 2.5000, 1057, '2019-01-01', '2020-12-15', 15, 0.0000000000);
INSERT INTO public.has_stock_supply (stock_id, supplier_id, unit_cost_price, medicine_id, manufacture_date, expiry_date, quantity, total_cost) VALUES (4018, 3003, 5.0000, 1058, '2018-11-24', '2021-01-02', 15, 0.0000000000);
INSERT INTO public.has_stock_supply (stock_id, supplier_id, unit_cost_price, medicine_id, manufacture_date, expiry_date, quantity, total_cost) VALUES (4013, 3001, 7.5000, 1059, '2018-12-09', '2021-01-10', 15, 0.0000000000);
INSERT INTO public.has_stock_supply (stock_id, supplier_id, unit_cost_price, medicine_id, manufacture_date, expiry_date, quantity, total_cost) VALUES (4017, 3003, 5.0000, 1060, '2018-12-20', '2020-12-18', 15, 0.0000000000);
INSERT INTO public.has_stock_supply (stock_id, supplier_id, unit_cost_price, medicine_id, manufacture_date, expiry_date, quantity, total_cost) VALUES (4016, 3002, 12.0000, 1061, '2018-12-14', '2020-12-18', 15, 0.0000000000);
INSERT INTO public.has_stock_supply (stock_id, supplier_id, unit_cost_price, medicine_id, manufacture_date, expiry_date, quantity, total_cost) VALUES (4013, 3001, 12.5000, 1062, '2019-01-01', '2021-01-18', 15, 0.0000000000);
INSERT INTO public.has_stock_supply (stock_id, supplier_id, unit_cost_price, medicine_id, manufacture_date, expiry_date, quantity, total_cost) VALUES (4013, 3001, 6.0000, 1063, '2019-01-23', '2020-12-28', 15, 0.0000000000);
INSERT INTO public.has_stock_supply (stock_id, supplier_id, unit_cost_price, medicine_id, manufacture_date, expiry_date, quantity, total_cost) VALUES (4017, 3003, 12.0000, 1064, '2019-01-08', '2021-01-06', 15, 0.0000000000);
INSERT INTO public.has_stock_supply (stock_id, supplier_id, unit_cost_price, medicine_id, manufacture_date, expiry_date, quantity, total_cost) VALUES (4014, 3001, 0.8500, 1065, '2019-01-22', '2020-12-31', 15, 0.0000000000);
INSERT INTO public.has_stock_supply (stock_id, supplier_id, unit_cost_price, medicine_id, manufacture_date, expiry_date, quantity, total_cost) VALUES (4015, 3002, 2.0000, 1066, '2019-01-19', '2021-01-21', 15, 0.0000000000);
INSERT INTO public.has_stock_supply (stock_id, supplier_id, unit_cost_price, medicine_id, manufacture_date, expiry_date, quantity, total_cost) VALUES (4015, 3002, 2.2500, 1067, '2018-12-07', '2021-01-05', 15, 0.0000000000);
INSERT INTO public.has_stock_supply (stock_id, supplier_id, unit_cost_price, medicine_id, manufacture_date, expiry_date, quantity, total_cost) VALUES (4018, 3003, 3.1500, 1068, '2018-12-20', '2020-12-11', 15, 0.0000000000);
INSERT INTO public.has_stock_supply (stock_id, supplier_id, unit_cost_price, medicine_id, manufacture_date, expiry_date, quantity, total_cost) VALUES (4013, 3001, 1.5000, 1069, '2018-12-21', '2020-12-03', 15, 0.0000000000);
INSERT INTO public.has_stock_supply (stock_id, supplier_id, unit_cost_price, medicine_id, manufacture_date, expiry_date, quantity, total_cost) VALUES (4013, 3001, 17.5000, 1070, '2018-12-21', '2020-11-24', 15, 0.0000000000);
INSERT INTO public.has_stock_supply (stock_id, supplier_id, unit_cost_price, medicine_id, manufacture_date, expiry_date, quantity, total_cost) VALUES (4017, 3003, 3.0000, 1071, '2018-12-22', '2020-11-24', 15, 0.0000000000);
INSERT INTO public.has_stock_supply (stock_id, supplier_id, unit_cost_price, medicine_id, manufacture_date, expiry_date, quantity, total_cost) VALUES (4014, 3001, 3.0000, 1072, '2018-11-30', '2020-12-12', 15, 0.0000000000);
INSERT INTO public.has_stock_supply (stock_id, supplier_id, unit_cost_price, medicine_id, manufacture_date, expiry_date, quantity, total_cost) VALUES (4015, 3002, 3.2500, 1073, '2018-12-28', '2021-01-03', 15, 0.0000000000);
INSERT INTO public.has_stock_supply (stock_id, supplier_id, unit_cost_price, medicine_id, manufacture_date, expiry_date, quantity, total_cost) VALUES (4015, 3002, 3.0000, 1074, '2019-01-01', '2021-01-07', 15, 0.0000000000);
INSERT INTO public.has_stock_supply (stock_id, supplier_id, unit_cost_price, medicine_id, manufacture_date, expiry_date, quantity, total_cost) VALUES (4018, 3003, 3.0000, 1075, '2018-12-16', '2020-12-04', 15, 0.0000000000);
INSERT INTO public.has_stock_supply (stock_id, supplier_id, unit_cost_price, medicine_id, manufacture_date, expiry_date, quantity, total_cost) VALUES (4013, 3001, 1.0000, 1076, '2019-01-03', '2020-12-10', 15, 0.0000000000);
INSERT INTO public.has_stock_supply (stock_id, supplier_id, unit_cost_price, medicine_id, manufacture_date, expiry_date, quantity, total_cost) VALUES (4017, 3003, 6.0000, 1077, '2018-12-01', '2020-12-14', 15, 0.0000000000);
INSERT INTO public.has_stock_supply (stock_id, supplier_id, unit_cost_price, medicine_id, manufacture_date, expiry_date, quantity, total_cost) VALUES (4016, 3002, 5.0000, 1078, '2018-12-18', '2020-11-27', 15, 0.0000000000);
INSERT INTO public.has_stock_supply (stock_id, supplier_id, unit_cost_price, medicine_id, manufacture_date, expiry_date, quantity, total_cost) VALUES (4013, 3001, 5.5000, 1079, '2019-01-03', '2021-01-18', 15, 0.0000000000);
INSERT INTO public.has_stock_supply (stock_id, supplier_id, unit_cost_price, medicine_id, manufacture_date, expiry_date, quantity, total_cost) VALUES (4018, 3003, 4.5000, 1080, '2018-12-02', '2020-12-05', 15, 0.0000000000);
INSERT INTO public.has_stock_supply (stock_id, supplier_id, unit_cost_price, medicine_id, manufacture_date, expiry_date, quantity, total_cost) VALUES (4016, 3002, 7.0000, 1081, '2018-11-29', '2021-01-20', 15, 0.0000000000);
INSERT INTO public.has_stock_supply (stock_id, supplier_id, unit_cost_price, medicine_id, manufacture_date, expiry_date, quantity, total_cost) VALUES (4014, 3001, 6.0000, 1082, '2019-01-12', '2021-01-16', 15, 0.0000000000);
INSERT INTO public.has_stock_supply (stock_id, supplier_id, unit_cost_price, medicine_id, manufacture_date, expiry_date, quantity, total_cost) VALUES (4017, 3003, 5.5000, 1083, '2018-12-02', '2021-01-06', 15, 0.0000000000);
INSERT INTO public.has_stock_supply (stock_id, supplier_id, unit_cost_price, medicine_id, manufacture_date, expiry_date, quantity, total_cost) VALUES (4013, 3001, 5.7500, 1084, '2018-12-06', '2020-12-04', 15, 0.0000000000);
INSERT INTO public.has_stock_supply (stock_id, supplier_id, unit_cost_price, medicine_id, manufacture_date, expiry_date, quantity, total_cost) VALUES (4017, 3003, 4.5000, 1085, '2019-01-15', '2020-12-14', 15, 0.0000000000);
INSERT INTO public.has_stock_supply (stock_id, supplier_id, unit_cost_price, medicine_id, manufacture_date, expiry_date, quantity, total_cost) VALUES (4014, 3001, 6.0000, 1086, '2019-01-12', '2021-01-07', 15, 0.0000000000);
INSERT INTO public.has_stock_supply (stock_id, supplier_id, unit_cost_price, medicine_id, manufacture_date, expiry_date, quantity, total_cost) VALUES (4015, 3002, 3.5000, 1087, '2018-12-31', '2020-12-08', 15, 0.0000000000);
INSERT INTO public.has_stock_supply (stock_id, supplier_id, unit_cost_price, medicine_id, manufacture_date, expiry_date, quantity, total_cost) VALUES (4015, 3002, 8.7500, 1088, '2018-11-28', '2020-12-11', 15, 0.0000000000);
INSERT INTO public.has_stock_supply (stock_id, supplier_id, unit_cost_price, medicine_id, manufacture_date, expiry_date, quantity, total_cost) VALUES (4018, 3003, 3.1000, 1089, '2018-12-06', '2020-11-27', 15, 0.0000000000);
INSERT INTO public.has_stock_supply (stock_id, supplier_id, unit_cost_price, medicine_id, manufacture_date, expiry_date, quantity, total_cost) VALUES (4013, 3001, 7.0000, 1090, '2018-11-25', '2021-01-11', 15, 0.0000000000);
INSERT INTO public.has_stock_supply (stock_id, supplier_id, unit_cost_price, medicine_id, manufacture_date, expiry_date, quantity, total_cost) VALUES (4017, 3003, 8.0000, 1091, '2018-12-30', '2021-01-13', 15, 0.0000000000);
INSERT INTO public.has_stock_supply (stock_id, supplier_id, unit_cost_price, medicine_id, manufacture_date, expiry_date, quantity, total_cost) VALUES (4016, 3002, 8.0000, 1092, '2018-12-17', '2020-11-24', 15, 0.0000000000);
INSERT INTO public.has_stock_supply (stock_id, supplier_id, unit_cost_price, medicine_id, manufacture_date, expiry_date, quantity, total_cost) VALUES (4013, 3001, 2.5000, 1093, '2018-12-30', '2020-12-25', 15, 0.0000000000);
INSERT INTO public.has_stock_supply (stock_id, supplier_id, unit_cost_price, medicine_id, manufacture_date, expiry_date, quantity, total_cost) VALUES (4018, 3003, 4.3800, 1094, '2019-01-04', '2020-12-08', 15, 0.0000000000);
INSERT INTO public.has_stock_supply (stock_id, supplier_id, unit_cost_price, medicine_id, manufacture_date, expiry_date, quantity, total_cost) VALUES (4016, 3002, 2.5000, 1095, '2018-12-21', '2020-11-27', 15, 0.0000000000);
INSERT INTO public.has_stock_supply (stock_id, supplier_id, unit_cost_price, medicine_id, manufacture_date, expiry_date, quantity, total_cost) VALUES (4014, 3001, 3.0000, 1096, '2019-01-03', '2020-12-18', 15, 0.0000000000);
INSERT INTO public.has_stock_supply (stock_id, supplier_id, unit_cost_price, medicine_id, manufacture_date, expiry_date, quantity, total_cost) VALUES (4013, 3001, 3.0000, 1097, '2018-12-17', '2020-12-30', 15, 0.0000000000);
INSERT INTO public.has_stock_supply (stock_id, supplier_id, unit_cost_price, medicine_id, manufacture_date, expiry_date, quantity, total_cost) VALUES (4017, 3003, 4.0000, 1098, '2019-01-20', '2021-01-19', 15, 0.0000000000);
INSERT INTO public.has_stock_supply (stock_id, supplier_id, unit_cost_price, medicine_id, manufacture_date, expiry_date, quantity, total_cost) VALUES (4014, 3001, 4.0000, 1099, '2018-12-23', '2020-12-21', 15, 0.0000000000);
INSERT INTO public.has_stock_supply (stock_id, supplier_id, unit_cost_price, medicine_id, manufacture_date, expiry_date, quantity, total_cost) VALUES (4015, 3002, 10.0000, 1100, '2019-01-11', '2020-12-27', 15, 0.0000000000);
INSERT INTO public.has_stock_supply (stock_id, supplier_id, unit_cost_price, medicine_id, manufacture_date, expiry_date, quantity, total_cost) VALUES (4015, 3002, 6.6400, 1101, '2018-12-05', '2020-11-28', 15, 0.0000000000);
INSERT INTO public.has_stock_supply (stock_id, supplier_id, unit_cost_price, medicine_id, manufacture_date, expiry_date, quantity, total_cost) VALUES (4018, 3003, 6.0000, 1102, '2018-12-09', '2020-11-25', 15, 0.0000000000);
INSERT INTO public.has_stock_supply (stock_id, supplier_id, unit_cost_price, medicine_id, manufacture_date, expiry_date, quantity, total_cost) VALUES (4013, 3001, 6.0000, 1103, '2018-12-26', '2020-12-12', 15, 0.0000000000);
INSERT INTO public.has_stock_supply (stock_id, supplier_id, unit_cost_price, medicine_id, manufacture_date, expiry_date, quantity, total_cost) VALUES (4017, 3003, 12.2000, 1104, '2018-12-15', '2020-12-07', 15, 0.0000000000);
INSERT INTO public.has_stock_supply (stock_id, supplier_id, unit_cost_price, medicine_id, manufacture_date, expiry_date, quantity, total_cost) VALUES (4016, 3002, 14.2000, 1105, '2019-01-23', '2020-11-26', 15, 0.0000000000);
INSERT INTO public.has_stock_supply (stock_id, supplier_id, unit_cost_price, medicine_id, manufacture_date, expiry_date, quantity, total_cost) VALUES (4013, 3001, 12.0000, 1106, '2019-01-13', '2020-12-05', 15, 0.0000000000);
INSERT INTO public.has_stock_supply (stock_id, supplier_id, unit_cost_price, medicine_id, manufacture_date, expiry_date, quantity, total_cost) VALUES (4018, 3003, 15.0000, 1107, '2018-12-31', '2020-11-30', 15, 0.0000000000);
INSERT INTO public.has_stock_supply (stock_id, supplier_id, unit_cost_price, medicine_id, manufacture_date, expiry_date, quantity, total_cost) VALUES (4016, 3002, 8.0000, 1108, '2019-01-20', '2020-12-31', 15, 0.0000000000);
INSERT INTO public.has_stock_supply (stock_id, supplier_id, unit_cost_price, medicine_id, manufacture_date, expiry_date, quantity, total_cost) VALUES (4014, 3001, 6.0000, 1109, '2018-12-11', '2021-01-09', 15, 0.0000000000);
INSERT INTO public.has_stock_supply (stock_id, supplier_id, unit_cost_price, medicine_id, manufacture_date, expiry_date, quantity, total_cost) VALUES (4016, 3002, 9.0000, 1110, '2018-12-20', '2020-12-19', 15, 0.0000000000);


--
-- Data for Name: store; Type: TABLE DATA; Schema: public; Owner: postgres
--

INSERT INTO public.store (store_id, store_name, store_address) VALUES (1, 'Giant Eagle Pharmacy', '4520 Murray Ave                                   ');
INSERT INTO public.store (store_id, store_name, store_address) VALUES (2, 'Rite Aid Pharmacy', '3700 Forbes Ave                                   ');
INSERT INTO public.store (store_id, store_name, store_address) VALUES (3, 'CVS Pharmacy', '5600 Wilkins Ave                                  ');


--
-- Data for Name: has_store_stock; Type: TABLE DATA; Schema: public; Owner: postgres
--

INSERT INTO public.has_store_stock (store_id, stock_id, medicine_id, availability_of_medicine, unit_selling_price) VALUES (1, 4006, 1001, '7', 4.8875);
INSERT INTO public.has_store_stock (store_id, stock_id, medicine_id, availability_of_medicine, unit_selling_price) VALUES (1, 4006, 1002, '13', 3.4500);
INSERT INTO public.has_store_stock (store_id, stock_id, medicine_id, availability_of_medicine, unit_selling_price) VALUES (1, 4006, 1003, '7', 4.6000);
INSERT INTO public.has_store_stock (store_id, stock_id, medicine_id, availability_of_medicine, unit_selling_price) VALUES (1, 4006, 1004, '7', 2.8750);
INSERT INTO public.has_store_stock (store_id, stock_id, medicine_id, availability_of_medicine, unit_selling_price) VALUES (1, 4006, 1005, '8', 2.8750);
INSERT INTO public.has_store_stock (store_id, stock_id, medicine_id, availability_of_medicine, unit_selling_price) VALUES (1, 4006, 1006, '5', 2.8750);
INSERT INTO public.has_store_stock (store_id, stock_id, medicine_id, availability_of_medicine, unit_selling_price) VALUES (1, 4006, 1007, '12', 2.8750);
INSERT INTO public.has_store_stock (store_id, stock_id, medicine_id, availability_of_medicine, unit_selling_price) VALUES (1, 4006, 1008, '8', 5.1750);
INSERT INTO public.has_store_stock (store_id, stock_id, medicine_id, availability_of_medicine, unit_selling_price) VALUES (1, 4002, 1009, '11', 5.2325);
INSERT INTO public.has_store_stock (store_id, stock_id, medicine_id, availability_of_medicine, unit_selling_price) VALUES (1, 4002, 1010, '11', 5.7500);
INSERT INTO public.has_store_stock (store_id, stock_id, medicine_id, availability_of_medicine, unit_selling_price) VALUES (1, 4002, 1011, '9', 2.3000);
INSERT INTO public.has_store_stock (store_id, stock_id, medicine_id, availability_of_medicine, unit_selling_price) VALUES (1, 4004, 1012, '11', 5.7500);
INSERT INTO public.has_store_stock (store_id, stock_id, medicine_id, availability_of_medicine, unit_selling_price) VALUES (1, 4002, 1013, '9', 9.2000);
INSERT INTO public.has_store_stock (store_id, stock_id, medicine_id, availability_of_medicine, unit_selling_price) VALUES (1, 4001, 1014, '12', 4.6000);
INSERT INTO public.has_store_stock (store_id, stock_id, medicine_id, availability_of_medicine, unit_selling_price) VALUES (1, 4001, 1015, '11', 2.3000);
INSERT INTO public.has_store_stock (store_id, stock_id, medicine_id, availability_of_medicine, unit_selling_price) VALUES (1, 4001, 1016, '11', 5.7500);
INSERT INTO public.has_store_stock (store_id, stock_id, medicine_id, availability_of_medicine, unit_selling_price) VALUES (1, 4001, 1017, '10', 3.4500);
INSERT INTO public.has_store_stock (store_id, stock_id, medicine_id, availability_of_medicine, unit_selling_price) VALUES (1, 4002, 1018, '11', 2.8750);
INSERT INTO public.has_store_stock (store_id, stock_id, medicine_id, availability_of_medicine, unit_selling_price) VALUES (1, 4001, 1019, '9', 4.6000);
INSERT INTO public.has_store_stock (store_id, stock_id, medicine_id, availability_of_medicine, unit_selling_price) VALUES (1, 4001, 1020, '8', 9.7750);
INSERT INTO public.has_store_stock (store_id, stock_id, medicine_id, availability_of_medicine, unit_selling_price) VALUES (1, 4001, 1021, '10', 5.7500);
INSERT INTO public.has_store_stock (store_id, stock_id, medicine_id, availability_of_medicine, unit_selling_price) VALUES (1, 4002, 1022, '6', 8.0500);
INSERT INTO public.has_store_stock (store_id, stock_id, medicine_id, availability_of_medicine, unit_selling_price) VALUES (1, 4001, 1023, '12', 7.4750);
INSERT INTO public.has_store_stock (store_id, stock_id, medicine_id, availability_of_medicine, unit_selling_price) VALUES (1, 4001, 1024, '9', 6.9000);
INSERT INTO public.has_store_stock (store_id, stock_id, medicine_id, availability_of_medicine, unit_selling_price) VALUES (1, 4005, 1025, '12', 2.9325);
INSERT INTO public.has_store_stock (store_id, stock_id, medicine_id, availability_of_medicine, unit_selling_price) VALUES (1, 4005, 1026, '13', 2.8750);
INSERT INTO public.has_store_stock (store_id, stock_id, medicine_id, availability_of_medicine, unit_selling_price) VALUES (1, 4005, 1027, '9', 6.9000);
INSERT INTO public.has_store_stock (store_id, stock_id, medicine_id, availability_of_medicine, unit_selling_price) VALUES (1, 4005, 1028, '12', 12.0750);
INSERT INTO public.has_store_stock (store_id, stock_id, medicine_id, availability_of_medicine, unit_selling_price) VALUES (1, 4005, 1029, '9', 9.2000);
INSERT INTO public.has_store_stock (store_id, stock_id, medicine_id, availability_of_medicine, unit_selling_price) VALUES (1, 4005, 1030, '12', 4.0250);
INSERT INTO public.has_store_stock (store_id, stock_id, medicine_id, availability_of_medicine, unit_selling_price) VALUES (1, 4004, 1031, '9', 4.0250);
INSERT INTO public.has_store_stock (store_id, stock_id, medicine_id, availability_of_medicine, unit_selling_price) VALUES (1, 4005, 1032, '7', 16.1000);
INSERT INTO public.has_store_stock (store_id, stock_id, medicine_id, availability_of_medicine, unit_selling_price) VALUES (1, 4004, 1033, '13', 11.5000);
INSERT INTO public.has_store_stock (store_id, stock_id, medicine_id, availability_of_medicine, unit_selling_price) VALUES (1, 4004, 1034, '10', 10.9250);
INSERT INTO public.has_store_stock (store_id, stock_id, medicine_id, availability_of_medicine, unit_selling_price) VALUES (1, 4003, 1035, '12', 1.7250);
INSERT INTO public.has_store_stock (store_id, stock_id, medicine_id, availability_of_medicine, unit_selling_price) VALUES (1, 4003, 1036, '5', 3.4500);
INSERT INTO public.has_store_stock (store_id, stock_id, medicine_id, availability_of_medicine, unit_selling_price) VALUES (1, 4003, 1037, '11', 3.4500);
INSERT INTO public.has_store_stock (store_id, stock_id, medicine_id, availability_of_medicine, unit_selling_price) VALUES (1, 4003, 1038, '11', 5.7500);
INSERT INTO public.has_store_stock (store_id, stock_id, medicine_id, availability_of_medicine, unit_selling_price) VALUES (1, 4003, 1039, '6', 4.0250);
INSERT INTO public.has_store_stock (store_id, stock_id, medicine_id, availability_of_medicine, unit_selling_price) VALUES (1, 4003, 1040, '10', 17.8250);
INSERT INTO public.has_store_stock (store_id, stock_id, medicine_id, availability_of_medicine, unit_selling_price) VALUES (1, 4003, 1041, '9', 8.6250);
INSERT INTO public.has_store_stock (store_id, stock_id, medicine_id, availability_of_medicine, unit_selling_price) VALUES (1, 4003, 1042, '12', 21.2750);
INSERT INTO public.has_store_stock (store_id, stock_id, medicine_id, availability_of_medicine, unit_selling_price) VALUES (1, 4003, 1043, '10', 9.2000);
INSERT INTO public.has_store_stock (store_id, stock_id, medicine_id, availability_of_medicine, unit_selling_price) VALUES (1, 4003, 1044, '13', 3.4500);
INSERT INTO public.has_store_stock (store_id, stock_id, medicine_id, availability_of_medicine, unit_selling_price) VALUES (1, 4003, 1045, '11', 3.7835);
INSERT INTO public.has_store_stock (store_id, stock_id, medicine_id, availability_of_medicine, unit_selling_price) VALUES (1, 4003, 1046, '9', 2.8750);
INSERT INTO public.has_store_stock (store_id, stock_id, medicine_id, availability_of_medicine, unit_selling_price) VALUES (1, 4004, 1047, '10', 8.6250);
INSERT INTO public.has_store_stock (store_id, stock_id, medicine_id, availability_of_medicine, unit_selling_price) VALUES (1, 4004, 1048, '9', 5.7500);
INSERT INTO public.has_store_stock (store_id, stock_id, medicine_id, availability_of_medicine, unit_selling_price) VALUES (1, 4004, 1049, '12', 11.5000);
INSERT INTO public.has_store_stock (store_id, stock_id, medicine_id, availability_of_medicine, unit_selling_price) VALUES (1, 4004, 1050, '12', 3.4500);
INSERT INTO public.has_store_stock (store_id, stock_id, medicine_id, availability_of_medicine, unit_selling_price) VALUES (1, 4004, 1051, '11', 2.8750);
INSERT INTO public.has_store_stock (store_id, stock_id, medicine_id, availability_of_medicine, unit_selling_price) VALUES (1, 4004, 1052, '11', 2.8750);
INSERT INTO public.has_store_stock (store_id, stock_id, medicine_id, availability_of_medicine, unit_selling_price) VALUES (1, 4001, 1053, '5', 17.8250);
INSERT INTO public.has_store_stock (store_id, stock_id, medicine_id, availability_of_medicine, unit_selling_price) VALUES (1, 4005, 1054, '6', 4.6000);
INSERT INTO public.has_store_stock (store_id, stock_id, medicine_id, availability_of_medicine, unit_selling_price) VALUES (1, 4002, 1055, '10', 13.8000);
INSERT INTO public.has_store_stock (store_id, stock_id, medicine_id, availability_of_medicine, unit_selling_price) VALUES (1, 4003, 1056, '10', 2.3000);
INSERT INTO public.has_store_stock (store_id, stock_id, medicine_id, availability_of_medicine, unit_selling_price) VALUES (1, 4003, 1057, '9', 2.8750);
INSERT INTO public.has_store_stock (store_id, stock_id, medicine_id, availability_of_medicine, unit_selling_price) VALUES (1, 4006, 1058, '11', 5.7500);
INSERT INTO public.has_store_stock (store_id, stock_id, medicine_id, availability_of_medicine, unit_selling_price) VALUES (1, 4001, 1059, '11', 8.6250);
INSERT INTO public.has_store_stock (store_id, stock_id, medicine_id, availability_of_medicine, unit_selling_price) VALUES (1, 4005, 1060, '11', 5.7500);
INSERT INTO public.has_store_stock (store_id, stock_id, medicine_id, availability_of_medicine, unit_selling_price) VALUES (1, 4004, 1061, '7', 13.8000);
INSERT INTO public.has_store_stock (store_id, stock_id, medicine_id, availability_of_medicine, unit_selling_price) VALUES (1, 4001, 1062, '10', 14.3750);
INSERT INTO public.has_store_stock (store_id, stock_id, medicine_id, availability_of_medicine, unit_selling_price) VALUES (1, 4001, 1063, '9', 6.9000);
INSERT INTO public.has_store_stock (store_id, stock_id, medicine_id, availability_of_medicine, unit_selling_price) VALUES (1, 4005, 1064, '10', 13.8000);
INSERT INTO public.has_store_stock (store_id, stock_id, medicine_id, availability_of_medicine, unit_selling_price) VALUES (1, 4002, 1065, '9', 0.9775);
INSERT INTO public.has_store_stock (store_id, stock_id, medicine_id, availability_of_medicine, unit_selling_price) VALUES (1, 4003, 1066, '5', 2.3000);
INSERT INTO public.has_store_stock (store_id, stock_id, medicine_id, availability_of_medicine, unit_selling_price) VALUES (1, 4003, 1067, '6', 2.5875);
INSERT INTO public.has_store_stock (store_id, stock_id, medicine_id, availability_of_medicine, unit_selling_price) VALUES (1, 4006, 1068, '6', 3.6225);
INSERT INTO public.has_store_stock (store_id, stock_id, medicine_id, availability_of_medicine, unit_selling_price) VALUES (1, 4001, 1069, '10', 1.7250);
INSERT INTO public.has_store_stock (store_id, stock_id, medicine_id, availability_of_medicine, unit_selling_price) VALUES (1, 4001, 1070, '10', 20.1250);
INSERT INTO public.has_store_stock (store_id, stock_id, medicine_id, availability_of_medicine, unit_selling_price) VALUES (1, 4005, 1071, '9', 3.4500);
INSERT INTO public.has_store_stock (store_id, stock_id, medicine_id, availability_of_medicine, unit_selling_price) VALUES (1, 4002, 1072, '13', 3.4500);
INSERT INTO public.has_store_stock (store_id, stock_id, medicine_id, availability_of_medicine, unit_selling_price) VALUES (1, 4003, 1073, '9', 3.7375);
INSERT INTO public.has_store_stock (store_id, stock_id, medicine_id, availability_of_medicine, unit_selling_price) VALUES (1, 4003, 1074, '12', 3.4500);
INSERT INTO public.has_store_stock (store_id, stock_id, medicine_id, availability_of_medicine, unit_selling_price) VALUES (1, 4006, 1075, '11', 3.4500);
INSERT INTO public.has_store_stock (store_id, stock_id, medicine_id, availability_of_medicine, unit_selling_price) VALUES (1, 4001, 1076, '10', 1.1500);
INSERT INTO public.has_store_stock (store_id, stock_id, medicine_id, availability_of_medicine, unit_selling_price) VALUES (1, 4005, 1077, '9', 6.9000);
INSERT INTO public.has_store_stock (store_id, stock_id, medicine_id, availability_of_medicine, unit_selling_price) VALUES (1, 4004, 1078, '13', 5.7500);
INSERT INTO public.has_store_stock (store_id, stock_id, medicine_id, availability_of_medicine, unit_selling_price) VALUES (1, 4001, 1079, '13', 6.3250);
INSERT INTO public.has_store_stock (store_id, stock_id, medicine_id, availability_of_medicine, unit_selling_price) VALUES (1, 4006, 1080, '10', 5.1750);
INSERT INTO public.has_store_stock (store_id, stock_id, medicine_id, availability_of_medicine, unit_selling_price) VALUES (1, 4004, 1081, '7', 8.0500);
INSERT INTO public.has_store_stock (store_id, stock_id, medicine_id, availability_of_medicine, unit_selling_price) VALUES (1, 4002, 1082, '12', 6.9000);
INSERT INTO public.has_store_stock (store_id, stock_id, medicine_id, availability_of_medicine, unit_selling_price) VALUES (1, 4005, 1083, '12', 6.3250);
INSERT INTO public.has_store_stock (store_id, stock_id, medicine_id, availability_of_medicine, unit_selling_price) VALUES (1, 4001, 1084, '6', 6.6125);
INSERT INTO public.has_store_stock (store_id, stock_id, medicine_id, availability_of_medicine, unit_selling_price) VALUES (1, 4005, 1085, '9', 5.1750);
INSERT INTO public.has_store_stock (store_id, stock_id, medicine_id, availability_of_medicine, unit_selling_price) VALUES (1, 4002, 1086, '13', 6.9000);
INSERT INTO public.has_store_stock (store_id, stock_id, medicine_id, availability_of_medicine, unit_selling_price) VALUES (1, 4003, 1087, '11', 4.0250);
INSERT INTO public.has_store_stock (store_id, stock_id, medicine_id, availability_of_medicine, unit_selling_price) VALUES (1, 4003, 1088, '13', 10.0625);
INSERT INTO public.has_store_stock (store_id, stock_id, medicine_id, availability_of_medicine, unit_selling_price) VALUES (1, 4006, 1089, '12', 3.5650);
INSERT INTO public.has_store_stock (store_id, stock_id, medicine_id, availability_of_medicine, unit_selling_price) VALUES (1, 4001, 1090, '11', 8.0500);
INSERT INTO public.has_store_stock (store_id, stock_id, medicine_id, availability_of_medicine, unit_selling_price) VALUES (1, 4005, 1091, '9', 9.2000);
INSERT INTO public.has_store_stock (store_id, stock_id, medicine_id, availability_of_medicine, unit_selling_price) VALUES (1, 4004, 1092, '8', 9.2000);
INSERT INTO public.has_store_stock (store_id, stock_id, medicine_id, availability_of_medicine, unit_selling_price) VALUES (1, 4001, 1093, '10', 2.8750);
INSERT INTO public.has_store_stock (store_id, stock_id, medicine_id, availability_of_medicine, unit_selling_price) VALUES (1, 4006, 1094, '10', 5.0370);
INSERT INTO public.has_store_stock (store_id, stock_id, medicine_id, availability_of_medicine, unit_selling_price) VALUES (1, 4004, 1095, '11', 2.8750);
INSERT INTO public.has_store_stock (store_id, stock_id, medicine_id, availability_of_medicine, unit_selling_price) VALUES (1, 4002, 1096, '8', 3.4500);
INSERT INTO public.has_store_stock (store_id, stock_id, medicine_id, availability_of_medicine, unit_selling_price) VALUES (1, 4001, 1097, '12', 3.4500);
INSERT INTO public.has_store_stock (store_id, stock_id, medicine_id, availability_of_medicine, unit_selling_price) VALUES (1, 4005, 1098, '7', 4.6000);
INSERT INTO public.has_store_stock (store_id, stock_id, medicine_id, availability_of_medicine, unit_selling_price) VALUES (1, 4002, 1099, '12', 4.6000);
INSERT INTO public.has_store_stock (store_id, stock_id, medicine_id, availability_of_medicine, unit_selling_price) VALUES (1, 4003, 1100, '7', 11.5000);
INSERT INTO public.has_store_stock (store_id, stock_id, medicine_id, availability_of_medicine, unit_selling_price) VALUES (1, 4003, 1101, '11', 7.6360);
INSERT INTO public.has_store_stock (store_id, stock_id, medicine_id, availability_of_medicine, unit_selling_price) VALUES (1, 4006, 1102, '9', 6.9000);
INSERT INTO public.has_store_stock (store_id, stock_id, medicine_id, availability_of_medicine, unit_selling_price) VALUES (1, 4001, 1103, '13', 6.9000);
INSERT INTO public.has_store_stock (store_id, stock_id, medicine_id, availability_of_medicine, unit_selling_price) VALUES (1, 4005, 1104, '10', 14.0300);
INSERT INTO public.has_store_stock (store_id, stock_id, medicine_id, availability_of_medicine, unit_selling_price) VALUES (1, 4004, 1105, '13', 16.3300);
INSERT INTO public.has_store_stock (store_id, stock_id, medicine_id, availability_of_medicine, unit_selling_price) VALUES (1, 4001, 1106, '7', 13.8000);
INSERT INTO public.has_store_stock (store_id, stock_id, medicine_id, availability_of_medicine, unit_selling_price) VALUES (1, 4006, 1107, '9', 17.2500);
INSERT INTO public.has_store_stock (store_id, stock_id, medicine_id, availability_of_medicine, unit_selling_price) VALUES (1, 4004, 1108, '12', 9.2000);
INSERT INTO public.has_store_stock (store_id, stock_id, medicine_id, availability_of_medicine, unit_selling_price) VALUES (1, 4002, 1109, '12', 6.9000);
INSERT INTO public.has_store_stock (store_id, stock_id, medicine_id, availability_of_medicine, unit_selling_price) VALUES (1, 4004, 1110, '11', 10.3500);
INSERT INTO public.has_store_stock (store_id, stock_id, medicine_id, availability_of_medicine, unit_selling_price) VALUES (2, 4012, 1001, '12', 4.8875);
INSERT INTO public.has_store_stock (store_id, stock_id, medicine_id, availability_of_medicine, unit_selling_price) VALUES (2, 4012, 1002, '8', 3.4500);
INSERT INTO public.has_store_stock (store_id, stock_id, medicine_id, availability_of_medicine, unit_selling_price) VALUES (2, 4012, 1003, '10', 4.6000);
INSERT INTO public.has_store_stock (store_id, stock_id, medicine_id, availability_of_medicine, unit_selling_price) VALUES (2, 4012, 1004, '12', 2.8750);
INSERT INTO public.has_store_stock (store_id, stock_id, medicine_id, availability_of_medicine, unit_selling_price) VALUES (2, 4012, 1005, '5', 2.8750);
INSERT INTO public.has_store_stock (store_id, stock_id, medicine_id, availability_of_medicine, unit_selling_price) VALUES (2, 4012, 1006, '13', 2.8750);
INSERT INTO public.has_store_stock (store_id, stock_id, medicine_id, availability_of_medicine, unit_selling_price) VALUES (2, 4012, 1007, '10', 2.8750);
INSERT INTO public.has_store_stock (store_id, stock_id, medicine_id, availability_of_medicine, unit_selling_price) VALUES (2, 4012, 1008, '13', 5.1750);
INSERT INTO public.has_store_stock (store_id, stock_id, medicine_id, availability_of_medicine, unit_selling_price) VALUES (2, 4008, 1009, '10', 5.2325);
INSERT INTO public.has_store_stock (store_id, stock_id, medicine_id, availability_of_medicine, unit_selling_price) VALUES (2, 4008, 1010, '12', 5.7500);
INSERT INTO public.has_store_stock (store_id, stock_id, medicine_id, availability_of_medicine, unit_selling_price) VALUES (2, 4008, 1011, '12', 2.3000);
INSERT INTO public.has_store_stock (store_id, stock_id, medicine_id, availability_of_medicine, unit_selling_price) VALUES (2, 4010, 1012, '9', 5.7500);
INSERT INTO public.has_store_stock (store_id, stock_id, medicine_id, availability_of_medicine, unit_selling_price) VALUES (2, 4008, 1013, '8', 9.2000);
INSERT INTO public.has_store_stock (store_id, stock_id, medicine_id, availability_of_medicine, unit_selling_price) VALUES (2, 4007, 1014, '8', 4.6000);
INSERT INTO public.has_store_stock (store_id, stock_id, medicine_id, availability_of_medicine, unit_selling_price) VALUES (2, 4007, 1015, '8', 2.3000);
INSERT INTO public.has_store_stock (store_id, stock_id, medicine_id, availability_of_medicine, unit_selling_price) VALUES (2, 4007, 1016, '6', 5.7500);
INSERT INTO public.has_store_stock (store_id, stock_id, medicine_id, availability_of_medicine, unit_selling_price) VALUES (2, 4007, 1017, '8', 3.4500);
INSERT INTO public.has_store_stock (store_id, stock_id, medicine_id, availability_of_medicine, unit_selling_price) VALUES (2, 4008, 1018, '6', 2.8750);
INSERT INTO public.has_store_stock (store_id, stock_id, medicine_id, availability_of_medicine, unit_selling_price) VALUES (2, 4007, 1019, '11', 4.6000);
INSERT INTO public.has_store_stock (store_id, stock_id, medicine_id, availability_of_medicine, unit_selling_price) VALUES (2, 4007, 1020, '6', 9.7750);
INSERT INTO public.has_store_stock (store_id, stock_id, medicine_id, availability_of_medicine, unit_selling_price) VALUES (2, 4007, 1021, '11', 5.7500);
INSERT INTO public.has_store_stock (store_id, stock_id, medicine_id, availability_of_medicine, unit_selling_price) VALUES (2, 4008, 1022, '10', 8.0500);
INSERT INTO public.has_store_stock (store_id, stock_id, medicine_id, availability_of_medicine, unit_selling_price) VALUES (2, 4007, 1023, '13', 7.4750);
INSERT INTO public.has_store_stock (store_id, stock_id, medicine_id, availability_of_medicine, unit_selling_price) VALUES (2, 4007, 1024, '9', 6.9000);
INSERT INTO public.has_store_stock (store_id, stock_id, medicine_id, availability_of_medicine, unit_selling_price) VALUES (2, 4011, 1025, '11', 2.9325);
INSERT INTO public.has_store_stock (store_id, stock_id, medicine_id, availability_of_medicine, unit_selling_price) VALUES (2, 4011, 1026, '9', 2.8750);
INSERT INTO public.has_store_stock (store_id, stock_id, medicine_id, availability_of_medicine, unit_selling_price) VALUES (2, 4011, 1027, '8', 6.9000);
INSERT INTO public.has_store_stock (store_id, stock_id, medicine_id, availability_of_medicine, unit_selling_price) VALUES (2, 4011, 1028, '11', 12.0750);
INSERT INTO public.has_store_stock (store_id, stock_id, medicine_id, availability_of_medicine, unit_selling_price) VALUES (2, 4011, 1029, '7', 9.2000);
INSERT INTO public.has_store_stock (store_id, stock_id, medicine_id, availability_of_medicine, unit_selling_price) VALUES (2, 4011, 1030, '7', 4.0250);
INSERT INTO public.has_store_stock (store_id, stock_id, medicine_id, availability_of_medicine, unit_selling_price) VALUES (2, 4010, 1031, '8', 4.0250);
INSERT INTO public.has_store_stock (store_id, stock_id, medicine_id, availability_of_medicine, unit_selling_price) VALUES (2, 4011, 1032, '11', 16.1000);
INSERT INTO public.has_store_stock (store_id, stock_id, medicine_id, availability_of_medicine, unit_selling_price) VALUES (2, 4010, 1033, '9', 11.5000);
INSERT INTO public.has_store_stock (store_id, stock_id, medicine_id, availability_of_medicine, unit_selling_price) VALUES (2, 4010, 1034, '9', 10.9250);
INSERT INTO public.has_store_stock (store_id, stock_id, medicine_id, availability_of_medicine, unit_selling_price) VALUES (2, 4009, 1035, '7', 1.7250);
INSERT INTO public.has_store_stock (store_id, stock_id, medicine_id, availability_of_medicine, unit_selling_price) VALUES (2, 4009, 1036, '12', 3.4500);
INSERT INTO public.has_store_stock (store_id, stock_id, medicine_id, availability_of_medicine, unit_selling_price) VALUES (2, 4009, 1037, '9', 3.4500);
INSERT INTO public.has_store_stock (store_id, stock_id, medicine_id, availability_of_medicine, unit_selling_price) VALUES (2, 4009, 1038, '11', 5.7500);
INSERT INTO public.has_store_stock (store_id, stock_id, medicine_id, availability_of_medicine, unit_selling_price) VALUES (2, 4009, 1039, '9', 4.0250);
INSERT INTO public.has_store_stock (store_id, stock_id, medicine_id, availability_of_medicine, unit_selling_price) VALUES (2, 4009, 1040, '12', 17.8250);
INSERT INTO public.has_store_stock (store_id, stock_id, medicine_id, availability_of_medicine, unit_selling_price) VALUES (2, 4009, 1041, '8', 8.6250);
INSERT INTO public.has_store_stock (store_id, stock_id, medicine_id, availability_of_medicine, unit_selling_price) VALUES (2, 4009, 1042, '8', 21.2750);
INSERT INTO public.has_store_stock (store_id, stock_id, medicine_id, availability_of_medicine, unit_selling_price) VALUES (2, 4009, 1043, '7', 9.2000);
INSERT INTO public.has_store_stock (store_id, stock_id, medicine_id, availability_of_medicine, unit_selling_price) VALUES (2, 4009, 1044, '12', 3.4500);
INSERT INTO public.has_store_stock (store_id, stock_id, medicine_id, availability_of_medicine, unit_selling_price) VALUES (2, 4009, 1045, '7', 3.7835);
INSERT INTO public.has_store_stock (store_id, stock_id, medicine_id, availability_of_medicine, unit_selling_price) VALUES (2, 4009, 1046, '10', 2.8750);
INSERT INTO public.has_store_stock (store_id, stock_id, medicine_id, availability_of_medicine, unit_selling_price) VALUES (2, 4010, 1047, '12', 8.6250);
INSERT INTO public.has_store_stock (store_id, stock_id, medicine_id, availability_of_medicine, unit_selling_price) VALUES (2, 4010, 1048, '7', 5.7500);
INSERT INTO public.has_store_stock (store_id, stock_id, medicine_id, availability_of_medicine, unit_selling_price) VALUES (2, 4010, 1049, '5', 11.5000);
INSERT INTO public.has_store_stock (store_id, stock_id, medicine_id, availability_of_medicine, unit_selling_price) VALUES (2, 4010, 1050, '6', 3.4500);
INSERT INTO public.has_store_stock (store_id, stock_id, medicine_id, availability_of_medicine, unit_selling_price) VALUES (2, 4010, 1051, '13', 2.8750);
INSERT INTO public.has_store_stock (store_id, stock_id, medicine_id, availability_of_medicine, unit_selling_price) VALUES (2, 4010, 1052, '12', 2.8750);
INSERT INTO public.has_store_stock (store_id, stock_id, medicine_id, availability_of_medicine, unit_selling_price) VALUES (2, 4007, 1053, '10', 17.8250);
INSERT INTO public.has_store_stock (store_id, stock_id, medicine_id, availability_of_medicine, unit_selling_price) VALUES (2, 4011, 1054, '9', 4.6000);
INSERT INTO public.has_store_stock (store_id, stock_id, medicine_id, availability_of_medicine, unit_selling_price) VALUES (2, 4008, 1055, '12', 13.8000);
INSERT INTO public.has_store_stock (store_id, stock_id, medicine_id, availability_of_medicine, unit_selling_price) VALUES (2, 4009, 1056, '8', 2.3000);
INSERT INTO public.has_store_stock (store_id, stock_id, medicine_id, availability_of_medicine, unit_selling_price) VALUES (2, 4009, 1057, '8', 2.8750);
INSERT INTO public.has_store_stock (store_id, stock_id, medicine_id, availability_of_medicine, unit_selling_price) VALUES (2, 4012, 1058, '11', 5.7500);
INSERT INTO public.has_store_stock (store_id, stock_id, medicine_id, availability_of_medicine, unit_selling_price) VALUES (2, 4007, 1059, '8', 8.6250);
INSERT INTO public.has_store_stock (store_id, stock_id, medicine_id, availability_of_medicine, unit_selling_price) VALUES (2, 4011, 1060, '9', 5.7500);
INSERT INTO public.has_store_stock (store_id, stock_id, medicine_id, availability_of_medicine, unit_selling_price) VALUES (2, 4010, 1061, '10', 13.8000);
INSERT INTO public.has_store_stock (store_id, stock_id, medicine_id, availability_of_medicine, unit_selling_price) VALUES (2, 4007, 1062, '7', 14.3750);
INSERT INTO public.has_store_stock (store_id, stock_id, medicine_id, availability_of_medicine, unit_selling_price) VALUES (2, 4007, 1063, '10', 6.9000);
INSERT INTO public.has_store_stock (store_id, stock_id, medicine_id, availability_of_medicine, unit_selling_price) VALUES (2, 4011, 1064, '10', 13.8000);
INSERT INTO public.has_store_stock (store_id, stock_id, medicine_id, availability_of_medicine, unit_selling_price) VALUES (2, 4008, 1065, '5', 0.9775);
INSERT INTO public.has_store_stock (store_id, stock_id, medicine_id, availability_of_medicine, unit_selling_price) VALUES (2, 4009, 1066, '11', 2.3000);
INSERT INTO public.has_store_stock (store_id, stock_id, medicine_id, availability_of_medicine, unit_selling_price) VALUES (2, 4009, 1067, '10', 2.5875);
INSERT INTO public.has_store_stock (store_id, stock_id, medicine_id, availability_of_medicine, unit_selling_price) VALUES (2, 4012, 1068, '9', 3.6225);
INSERT INTO public.has_store_stock (store_id, stock_id, medicine_id, availability_of_medicine, unit_selling_price) VALUES (2, 4007, 1069, '11', 1.7250);
INSERT INTO public.has_store_stock (store_id, stock_id, medicine_id, availability_of_medicine, unit_selling_price) VALUES (2, 4007, 1070, '12', 20.1250);
INSERT INTO public.has_store_stock (store_id, stock_id, medicine_id, availability_of_medicine, unit_selling_price) VALUES (2, 4011, 1071, '9', 3.4500);
INSERT INTO public.has_store_stock (store_id, stock_id, medicine_id, availability_of_medicine, unit_selling_price) VALUES (2, 4008, 1072, '10', 3.4500);
INSERT INTO public.has_store_stock (store_id, stock_id, medicine_id, availability_of_medicine, unit_selling_price) VALUES (2, 4009, 1073, '13', 3.7375);
INSERT INTO public.has_store_stock (store_id, stock_id, medicine_id, availability_of_medicine, unit_selling_price) VALUES (2, 4009, 1074, '10', 3.4500);
INSERT INTO public.has_store_stock (store_id, stock_id, medicine_id, availability_of_medicine, unit_selling_price) VALUES (2, 4012, 1075, '11', 3.4500);
INSERT INTO public.has_store_stock (store_id, stock_id, medicine_id, availability_of_medicine, unit_selling_price) VALUES (2, 4007, 1076, '12', 1.1500);
INSERT INTO public.has_store_stock (store_id, stock_id, medicine_id, availability_of_medicine, unit_selling_price) VALUES (2, 4011, 1077, '8', 6.9000);
INSERT INTO public.has_store_stock (store_id, stock_id, medicine_id, availability_of_medicine, unit_selling_price) VALUES (2, 4010, 1078, '8', 5.7500);
INSERT INTO public.has_store_stock (store_id, stock_id, medicine_id, availability_of_medicine, unit_selling_price) VALUES (2, 4007, 1079, '12', 6.3250);
INSERT INTO public.has_store_stock (store_id, stock_id, medicine_id, availability_of_medicine, unit_selling_price) VALUES (2, 4012, 1080, '10', 5.1750);
INSERT INTO public.has_store_stock (store_id, stock_id, medicine_id, availability_of_medicine, unit_selling_price) VALUES (2, 4010, 1081, '13', 8.0500);
INSERT INTO public.has_store_stock (store_id, stock_id, medicine_id, availability_of_medicine, unit_selling_price) VALUES (2, 4008, 1082, '12', 6.9000);
INSERT INTO public.has_store_stock (store_id, stock_id, medicine_id, availability_of_medicine, unit_selling_price) VALUES (2, 4011, 1083, '13', 6.3250);
INSERT INTO public.has_store_stock (store_id, stock_id, medicine_id, availability_of_medicine, unit_selling_price) VALUES (2, 4007, 1084, '13', 6.6125);
INSERT INTO public.has_store_stock (store_id, stock_id, medicine_id, availability_of_medicine, unit_selling_price) VALUES (2, 4011, 1085, '11', 5.1750);
INSERT INTO public.has_store_stock (store_id, stock_id, medicine_id, availability_of_medicine, unit_selling_price) VALUES (2, 4008, 1086, '9', 6.9000);
INSERT INTO public.has_store_stock (store_id, stock_id, medicine_id, availability_of_medicine, unit_selling_price) VALUES (2, 4009, 1087, '10', 4.0250);
INSERT INTO public.has_store_stock (store_id, stock_id, medicine_id, availability_of_medicine, unit_selling_price) VALUES (2, 4009, 1088, '7', 10.0625);
INSERT INTO public.has_store_stock (store_id, stock_id, medicine_id, availability_of_medicine, unit_selling_price) VALUES (2, 4012, 1089, '12', 3.5650);
INSERT INTO public.has_store_stock (store_id, stock_id, medicine_id, availability_of_medicine, unit_selling_price) VALUES (2, 4007, 1090, '9', 8.0500);
INSERT INTO public.has_store_stock (store_id, stock_id, medicine_id, availability_of_medicine, unit_selling_price) VALUES (2, 4011, 1091, '8', 9.2000);
INSERT INTO public.has_store_stock (store_id, stock_id, medicine_id, availability_of_medicine, unit_selling_price) VALUES (2, 4010, 1092, '12', 9.2000);
INSERT INTO public.has_store_stock (store_id, stock_id, medicine_id, availability_of_medicine, unit_selling_price) VALUES (2, 4007, 1093, '10', 2.8750);
INSERT INTO public.has_store_stock (store_id, stock_id, medicine_id, availability_of_medicine, unit_selling_price) VALUES (2, 4012, 1094, '8', 5.0370);
INSERT INTO public.has_store_stock (store_id, stock_id, medicine_id, availability_of_medicine, unit_selling_price) VALUES (2, 4010, 1095, '5', 2.8750);
INSERT INTO public.has_store_stock (store_id, stock_id, medicine_id, availability_of_medicine, unit_selling_price) VALUES (2, 4008, 1096, '11', 3.4500);
INSERT INTO public.has_store_stock (store_id, stock_id, medicine_id, availability_of_medicine, unit_selling_price) VALUES (2, 4007, 1097, '12', 3.4500);
INSERT INTO public.has_store_stock (store_id, stock_id, medicine_id, availability_of_medicine, unit_selling_price) VALUES (2, 4011, 1098, '12', 4.6000);
INSERT INTO public.has_store_stock (store_id, stock_id, medicine_id, availability_of_medicine, unit_selling_price) VALUES (2, 4008, 1099, '9', 4.6000);
INSERT INTO public.has_store_stock (store_id, stock_id, medicine_id, availability_of_medicine, unit_selling_price) VALUES (2, 4009, 1100, '11', 11.5000);
INSERT INTO public.has_store_stock (store_id, stock_id, medicine_id, availability_of_medicine, unit_selling_price) VALUES (2, 4009, 1101, '13', 7.6360);
INSERT INTO public.has_store_stock (store_id, stock_id, medicine_id, availability_of_medicine, unit_selling_price) VALUES (2, 4012, 1102, '7', 6.9000);
INSERT INTO public.has_store_stock (store_id, stock_id, medicine_id, availability_of_medicine, unit_selling_price) VALUES (2, 4007, 1103, '9', 6.9000);
INSERT INTO public.has_store_stock (store_id, stock_id, medicine_id, availability_of_medicine, unit_selling_price) VALUES (2, 4011, 1104, '9', 14.0300);
INSERT INTO public.has_store_stock (store_id, stock_id, medicine_id, availability_of_medicine, unit_selling_price) VALUES (2, 4010, 1105, '13', 16.3300);
INSERT INTO public.has_store_stock (store_id, stock_id, medicine_id, availability_of_medicine, unit_selling_price) VALUES (2, 4007, 1106, '9', 13.8000);
INSERT INTO public.has_store_stock (store_id, stock_id, medicine_id, availability_of_medicine, unit_selling_price) VALUES (2, 4012, 1107, '5', 17.2500);
INSERT INTO public.has_store_stock (store_id, stock_id, medicine_id, availability_of_medicine, unit_selling_price) VALUES (2, 4010, 1108, '11', 9.2000);
INSERT INTO public.has_store_stock (store_id, stock_id, medicine_id, availability_of_medicine, unit_selling_price) VALUES (2, 4008, 1109, '8', 6.9000);
INSERT INTO public.has_store_stock (store_id, stock_id, medicine_id, availability_of_medicine, unit_selling_price) VALUES (2, 4010, 1110, '10', 10.3500);
INSERT INTO public.has_store_stock (store_id, stock_id, medicine_id, availability_of_medicine, unit_selling_price) VALUES (3, 4018, 1001, '13', 4.8875);
INSERT INTO public.has_store_stock (store_id, stock_id, medicine_id, availability_of_medicine, unit_selling_price) VALUES (3, 4018, 1002, '13', 3.4500);
INSERT INTO public.has_store_stock (store_id, stock_id, medicine_id, availability_of_medicine, unit_selling_price) VALUES (3, 4018, 1003, '13', 4.6000);
INSERT INTO public.has_store_stock (store_id, stock_id, medicine_id, availability_of_medicine, unit_selling_price) VALUES (3, 4018, 1004, '9', 2.8750);
INSERT INTO public.has_store_stock (store_id, stock_id, medicine_id, availability_of_medicine, unit_selling_price) VALUES (3, 4018, 1005, '9', 2.8750);
INSERT INTO public.has_store_stock (store_id, stock_id, medicine_id, availability_of_medicine, unit_selling_price) VALUES (3, 4018, 1006, '13', 2.8750);
INSERT INTO public.has_store_stock (store_id, stock_id, medicine_id, availability_of_medicine, unit_selling_price) VALUES (3, 4018, 1007, '10', 2.8750);
INSERT INTO public.has_store_stock (store_id, stock_id, medicine_id, availability_of_medicine, unit_selling_price) VALUES (3, 4018, 1008, '13', 5.1750);
INSERT INTO public.has_store_stock (store_id, stock_id, medicine_id, availability_of_medicine, unit_selling_price) VALUES (3, 4014, 1009, '10', 5.2325);
INSERT INTO public.has_store_stock (store_id, stock_id, medicine_id, availability_of_medicine, unit_selling_price) VALUES (3, 4014, 1010, '7', 5.7500);
INSERT INTO public.has_store_stock (store_id, stock_id, medicine_id, availability_of_medicine, unit_selling_price) VALUES (3, 4014, 1011, '7', 2.3000);
INSERT INTO public.has_store_stock (store_id, stock_id, medicine_id, availability_of_medicine, unit_selling_price) VALUES (3, 4016, 1012, '10', 5.7500);
INSERT INTO public.has_store_stock (store_id, stock_id, medicine_id, availability_of_medicine, unit_selling_price) VALUES (3, 4014, 1013, '10', 9.2000);
INSERT INTO public.has_store_stock (store_id, stock_id, medicine_id, availability_of_medicine, unit_selling_price) VALUES (3, 4013, 1014, '7', 4.6000);
INSERT INTO public.has_store_stock (store_id, stock_id, medicine_id, availability_of_medicine, unit_selling_price) VALUES (3, 4013, 1015, '8', 2.3000);
INSERT INTO public.has_store_stock (store_id, stock_id, medicine_id, availability_of_medicine, unit_selling_price) VALUES (3, 4013, 1016, '11', 5.7500);
INSERT INTO public.has_store_stock (store_id, stock_id, medicine_id, availability_of_medicine, unit_selling_price) VALUES (3, 4013, 1017, '12', 3.4500);
INSERT INTO public.has_store_stock (store_id, stock_id, medicine_id, availability_of_medicine, unit_selling_price) VALUES (3, 4014, 1018, '10', 2.8750);
INSERT INTO public.has_store_stock (store_id, stock_id, medicine_id, availability_of_medicine, unit_selling_price) VALUES (3, 4013, 1019, '10', 4.6000);
INSERT INTO public.has_store_stock (store_id, stock_id, medicine_id, availability_of_medicine, unit_selling_price) VALUES (3, 4013, 1020, '9', 9.7750);
INSERT INTO public.has_store_stock (store_id, stock_id, medicine_id, availability_of_medicine, unit_selling_price) VALUES (3, 4013, 1021, '10', 5.7500);
INSERT INTO public.has_store_stock (store_id, stock_id, medicine_id, availability_of_medicine, unit_selling_price) VALUES (3, 4014, 1022, '7', 8.0500);
INSERT INTO public.has_store_stock (store_id, stock_id, medicine_id, availability_of_medicine, unit_selling_price) VALUES (3, 4013, 1023, '12', 7.4750);
INSERT INTO public.has_store_stock (store_id, stock_id, medicine_id, availability_of_medicine, unit_selling_price) VALUES (3, 4013, 1024, '11', 6.9000);
INSERT INTO public.has_store_stock (store_id, stock_id, medicine_id, availability_of_medicine, unit_selling_price) VALUES (3, 4017, 1025, '9', 2.9325);
INSERT INTO public.has_store_stock (store_id, stock_id, medicine_id, availability_of_medicine, unit_selling_price) VALUES (3, 4017, 1026, '9', 2.8750);
INSERT INTO public.has_store_stock (store_id, stock_id, medicine_id, availability_of_medicine, unit_selling_price) VALUES (3, 4017, 1027, '8', 6.9000);
INSERT INTO public.has_store_stock (store_id, stock_id, medicine_id, availability_of_medicine, unit_selling_price) VALUES (3, 4017, 1028, '8', 12.0750);
INSERT INTO public.has_store_stock (store_id, stock_id, medicine_id, availability_of_medicine, unit_selling_price) VALUES (3, 4017, 1029, '8', 9.2000);
INSERT INTO public.has_store_stock (store_id, stock_id, medicine_id, availability_of_medicine, unit_selling_price) VALUES (3, 4017, 1030, '5', 4.0250);
INSERT INTO public.has_store_stock (store_id, stock_id, medicine_id, availability_of_medicine, unit_selling_price) VALUES (3, 4016, 1031, '13', 4.0250);
INSERT INTO public.has_store_stock (store_id, stock_id, medicine_id, availability_of_medicine, unit_selling_price) VALUES (3, 4017, 1032, '13', 16.1000);
INSERT INTO public.has_store_stock (store_id, stock_id, medicine_id, availability_of_medicine, unit_selling_price) VALUES (3, 4016, 1033, '9', 11.5000);
INSERT INTO public.has_store_stock (store_id, stock_id, medicine_id, availability_of_medicine, unit_selling_price) VALUES (3, 4016, 1034, '13', 10.9250);
INSERT INTO public.has_store_stock (store_id, stock_id, medicine_id, availability_of_medicine, unit_selling_price) VALUES (3, 4015, 1035, '10', 1.7250);
INSERT INTO public.has_store_stock (store_id, stock_id, medicine_id, availability_of_medicine, unit_selling_price) VALUES (3, 4015, 1036, '12', 3.4500);
INSERT INTO public.has_store_stock (store_id, stock_id, medicine_id, availability_of_medicine, unit_selling_price) VALUES (3, 4015, 1037, '7', 3.4500);
INSERT INTO public.has_store_stock (store_id, stock_id, medicine_id, availability_of_medicine, unit_selling_price) VALUES (3, 4015, 1038, '12', 5.7500);
INSERT INTO public.has_store_stock (store_id, stock_id, medicine_id, availability_of_medicine, unit_selling_price) VALUES (3, 4015, 1039, '12', 4.0250);
INSERT INTO public.has_store_stock (store_id, stock_id, medicine_id, availability_of_medicine, unit_selling_price) VALUES (3, 4015, 1040, '10', 17.8250);
INSERT INTO public.has_store_stock (store_id, stock_id, medicine_id, availability_of_medicine, unit_selling_price) VALUES (3, 4015, 1041, '7', 8.6250);
INSERT INTO public.has_store_stock (store_id, stock_id, medicine_id, availability_of_medicine, unit_selling_price) VALUES (3, 4015, 1042, '11', 21.2750);
INSERT INTO public.has_store_stock (store_id, stock_id, medicine_id, availability_of_medicine, unit_selling_price) VALUES (3, 4015, 1043, '12', 9.2000);
INSERT INTO public.has_store_stock (store_id, stock_id, medicine_id, availability_of_medicine, unit_selling_price) VALUES (3, 4015, 1044, '6', 3.4500);
INSERT INTO public.has_store_stock (store_id, stock_id, medicine_id, availability_of_medicine, unit_selling_price) VALUES (3, 4015, 1045, '12', 3.7835);
INSERT INTO public.has_store_stock (store_id, stock_id, medicine_id, availability_of_medicine, unit_selling_price) VALUES (3, 4015, 1046, '9', 2.8750);
INSERT INTO public.has_store_stock (store_id, stock_id, medicine_id, availability_of_medicine, unit_selling_price) VALUES (3, 4016, 1047, '12', 8.6250);
INSERT INTO public.has_store_stock (store_id, stock_id, medicine_id, availability_of_medicine, unit_selling_price) VALUES (3, 4016, 1048, '12', 5.7500);
INSERT INTO public.has_store_stock (store_id, stock_id, medicine_id, availability_of_medicine, unit_selling_price) VALUES (3, 4016, 1049, '9', 11.5000);
INSERT INTO public.has_store_stock (store_id, stock_id, medicine_id, availability_of_medicine, unit_selling_price) VALUES (3, 4016, 1050, '11', 3.4500);
INSERT INTO public.has_store_stock (store_id, stock_id, medicine_id, availability_of_medicine, unit_selling_price) VALUES (3, 4016, 1051, '13', 2.8750);
INSERT INTO public.has_store_stock (store_id, stock_id, medicine_id, availability_of_medicine, unit_selling_price) VALUES (3, 4016, 1052, '10', 2.8750);
INSERT INTO public.has_store_stock (store_id, stock_id, medicine_id, availability_of_medicine, unit_selling_price) VALUES (3, 4013, 1053, '11', 17.8250);
INSERT INTO public.has_store_stock (store_id, stock_id, medicine_id, availability_of_medicine, unit_selling_price) VALUES (3, 4017, 1054, '7', 4.6000);
INSERT INTO public.has_store_stock (store_id, stock_id, medicine_id, availability_of_medicine, unit_selling_price) VALUES (3, 4014, 1055, '8', 13.8000);
INSERT INTO public.has_store_stock (store_id, stock_id, medicine_id, availability_of_medicine, unit_selling_price) VALUES (3, 4015, 1056, '6', 2.3000);
INSERT INTO public.has_store_stock (store_id, stock_id, medicine_id, availability_of_medicine, unit_selling_price) VALUES (3, 4015, 1057, '12', 2.8750);
INSERT INTO public.has_store_stock (store_id, stock_id, medicine_id, availability_of_medicine, unit_selling_price) VALUES (3, 4018, 1058, '9', 5.7500);
INSERT INTO public.has_store_stock (store_id, stock_id, medicine_id, availability_of_medicine, unit_selling_price) VALUES (3, 4013, 1059, '6', 8.6250);
INSERT INTO public.has_store_stock (store_id, stock_id, medicine_id, availability_of_medicine, unit_selling_price) VALUES (3, 4017, 1060, '8', 5.7500);
INSERT INTO public.has_store_stock (store_id, stock_id, medicine_id, availability_of_medicine, unit_selling_price) VALUES (3, 4016, 1061, '12', 13.8000);
INSERT INTO public.has_store_stock (store_id, stock_id, medicine_id, availability_of_medicine, unit_selling_price) VALUES (3, 4013, 1062, '11', 14.3750);
INSERT INTO public.has_store_stock (store_id, stock_id, medicine_id, availability_of_medicine, unit_selling_price) VALUES (3, 4013, 1063, '12', 6.9000);
INSERT INTO public.has_store_stock (store_id, stock_id, medicine_id, availability_of_medicine, unit_selling_price) VALUES (3, 4017, 1064, '13', 13.8000);
INSERT INTO public.has_store_stock (store_id, stock_id, medicine_id, availability_of_medicine, unit_selling_price) VALUES (3, 4014, 1065, '13', 0.9775);
INSERT INTO public.has_store_stock (store_id, stock_id, medicine_id, availability_of_medicine, unit_selling_price) VALUES (3, 4015, 1066, '9', 2.3000);
INSERT INTO public.has_store_stock (store_id, stock_id, medicine_id, availability_of_medicine, unit_selling_price) VALUES (3, 4015, 1067, '12', 2.5875);
INSERT INTO public.has_store_stock (store_id, stock_id, medicine_id, availability_of_medicine, unit_selling_price) VALUES (3, 4018, 1068, '10', 3.6225);
INSERT INTO public.has_store_stock (store_id, stock_id, medicine_id, availability_of_medicine, unit_selling_price) VALUES (3, 4013, 1069, '12', 1.7250);
INSERT INTO public.has_store_stock (store_id, stock_id, medicine_id, availability_of_medicine, unit_selling_price) VALUES (3, 4013, 1070, '7', 20.1250);
INSERT INTO public.has_store_stock (store_id, stock_id, medicine_id, availability_of_medicine, unit_selling_price) VALUES (3, 4017, 1071, '5', 3.4500);
INSERT INTO public.has_store_stock (store_id, stock_id, medicine_id, availability_of_medicine, unit_selling_price) VALUES (3, 4014, 1072, '11', 3.4500);
INSERT INTO public.has_store_stock (store_id, stock_id, medicine_id, availability_of_medicine, unit_selling_price) VALUES (3, 4015, 1073, '5', 3.7375);
INSERT INTO public.has_store_stock (store_id, stock_id, medicine_id, availability_of_medicine, unit_selling_price) VALUES (3, 4015, 1074, '12', 3.4500);
INSERT INTO public.has_store_stock (store_id, stock_id, medicine_id, availability_of_medicine, unit_selling_price) VALUES (3, 4018, 1075, '8', 3.4500);
INSERT INTO public.has_store_stock (store_id, stock_id, medicine_id, availability_of_medicine, unit_selling_price) VALUES (3, 4013, 1076, '12', 1.1500);
INSERT INTO public.has_store_stock (store_id, stock_id, medicine_id, availability_of_medicine, unit_selling_price) VALUES (3, 4017, 1077, '13', 6.9000);
INSERT INTO public.has_store_stock (store_id, stock_id, medicine_id, availability_of_medicine, unit_selling_price) VALUES (3, 4016, 1078, '10', 5.7500);
INSERT INTO public.has_store_stock (store_id, stock_id, medicine_id, availability_of_medicine, unit_selling_price) VALUES (3, 4013, 1079, '12', 6.3250);
INSERT INTO public.has_store_stock (store_id, stock_id, medicine_id, availability_of_medicine, unit_selling_price) VALUES (3, 4018, 1080, '13', 5.1750);
INSERT INTO public.has_store_stock (store_id, stock_id, medicine_id, availability_of_medicine, unit_selling_price) VALUES (3, 4016, 1081, '13', 8.0500);
INSERT INTO public.has_store_stock (store_id, stock_id, medicine_id, availability_of_medicine, unit_selling_price) VALUES (3, 4014, 1082, '9', 6.9000);
INSERT INTO public.has_store_stock (store_id, stock_id, medicine_id, availability_of_medicine, unit_selling_price) VALUES (3, 4017, 1083, '8', 6.3250);
INSERT INTO public.has_store_stock (store_id, stock_id, medicine_id, availability_of_medicine, unit_selling_price) VALUES (3, 4013, 1084, '12', 6.6125);
INSERT INTO public.has_store_stock (store_id, stock_id, medicine_id, availability_of_medicine, unit_selling_price) VALUES (3, 4017, 1085, '9', 5.1750);
INSERT INTO public.has_store_stock (store_id, stock_id, medicine_id, availability_of_medicine, unit_selling_price) VALUES (3, 4014, 1086, '12', 6.9000);
INSERT INTO public.has_store_stock (store_id, stock_id, medicine_id, availability_of_medicine, unit_selling_price) VALUES (3, 4015, 1087, '11', 4.0250);
INSERT INTO public.has_store_stock (store_id, stock_id, medicine_id, availability_of_medicine, unit_selling_price) VALUES (3, 4015, 1088, '7', 10.0625);
INSERT INTO public.has_store_stock (store_id, stock_id, medicine_id, availability_of_medicine, unit_selling_price) VALUES (3, 4018, 1089, '7', 3.5650);
INSERT INTO public.has_store_stock (store_id, stock_id, medicine_id, availability_of_medicine, unit_selling_price) VALUES (3, 4013, 1090, '5', 8.0500);
INSERT INTO public.has_store_stock (store_id, stock_id, medicine_id, availability_of_medicine, unit_selling_price) VALUES (3, 4017, 1091, '9', 9.2000);
INSERT INTO public.has_store_stock (store_id, stock_id, medicine_id, availability_of_medicine, unit_selling_price) VALUES (3, 4016, 1092, '9', 9.2000);
INSERT INTO public.has_store_stock (store_id, stock_id, medicine_id, availability_of_medicine, unit_selling_price) VALUES (3, 4013, 1093, '13', 2.8750);
INSERT INTO public.has_store_stock (store_id, stock_id, medicine_id, availability_of_medicine, unit_selling_price) VALUES (3, 4018, 1094, '13', 5.0370);
INSERT INTO public.has_store_stock (store_id, stock_id, medicine_id, availability_of_medicine, unit_selling_price) VALUES (3, 4016, 1095, '12', 2.8750);
INSERT INTO public.has_store_stock (store_id, stock_id, medicine_id, availability_of_medicine, unit_selling_price) VALUES (3, 4014, 1096, '13', 3.4500);
INSERT INTO public.has_store_stock (store_id, stock_id, medicine_id, availability_of_medicine, unit_selling_price) VALUES (3, 4013, 1097, '7', 3.4500);
INSERT INTO public.has_store_stock (store_id, stock_id, medicine_id, availability_of_medicine, unit_selling_price) VALUES (3, 4017, 1098, '7', 4.6000);
INSERT INTO public.has_store_stock (store_id, stock_id, medicine_id, availability_of_medicine, unit_selling_price) VALUES (3, 4014, 1099, '8', 4.6000);
INSERT INTO public.has_store_stock (store_id, stock_id, medicine_id, availability_of_medicine, unit_selling_price) VALUES (3, 4015, 1100, '8', 11.5000);
INSERT INTO public.has_store_stock (store_id, stock_id, medicine_id, availability_of_medicine, unit_selling_price) VALUES (3, 4015, 1101, '6', 7.6360);
INSERT INTO public.has_store_stock (store_id, stock_id, medicine_id, availability_of_medicine, unit_selling_price) VALUES (3, 4018, 1102, '6', 6.9000);
INSERT INTO public.has_store_stock (store_id, stock_id, medicine_id, availability_of_medicine, unit_selling_price) VALUES (3, 4013, 1103, '10', 6.9000);
INSERT INTO public.has_store_stock (store_id, stock_id, medicine_id, availability_of_medicine, unit_selling_price) VALUES (3, 4017, 1104, '8', 14.0300);
INSERT INTO public.has_store_stock (store_id, stock_id, medicine_id, availability_of_medicine, unit_selling_price) VALUES (3, 4016, 1105, '9', 16.3300);
INSERT INTO public.has_store_stock (store_id, stock_id, medicine_id, availability_of_medicine, unit_selling_price) VALUES (3, 4013, 1106, '12', 13.8000);
INSERT INTO public.has_store_stock (store_id, stock_id, medicine_id, availability_of_medicine, unit_selling_price) VALUES (3, 4018, 1107, '10', 17.2500);
INSERT INTO public.has_store_stock (store_id, stock_id, medicine_id, availability_of_medicine, unit_selling_price) VALUES (3, 4016, 1108, '12', 9.2000);
INSERT INTO public.has_store_stock (store_id, stock_id, medicine_id, availability_of_medicine, unit_selling_price) VALUES (3, 4014, 1109, '10', 6.9000);
INSERT INTO public.has_store_stock (store_id, stock_id, medicine_id, availability_of_medicine, unit_selling_price) VALUES (3, 4016, 1110, '9', 10.3500);


--
-- Data for Name: medicine_category; Type: TABLE DATA; Schema: public; Owner: postgres
--

INSERT INTO public.medicine_category (category_id, medicine_id) VALUES (2001, 1001);
INSERT INTO public.medicine_category (category_id, medicine_id) VALUES (2001, 1002);
INSERT INTO public.medicine_category (category_id, medicine_id) VALUES (2001, 1003);
INSERT INTO public.medicine_category (category_id, medicine_id) VALUES (2001, 1004);
INSERT INTO public.medicine_category (category_id, medicine_id) VALUES (2001, 1005);
INSERT INTO public.medicine_category (category_id, medicine_id) VALUES (2001, 1006);
INSERT INTO public.medicine_category (category_id, medicine_id) VALUES (2009, 1007);
INSERT INTO public.medicine_category (category_id, medicine_id) VALUES (2001, 1007);
INSERT INTO public.medicine_category (category_id, medicine_id) VALUES (2001, 1008);
INSERT INTO public.medicine_category (category_id, medicine_id) VALUES (2001, 1009);
INSERT INTO public.medicine_category (category_id, medicine_id) VALUES (2001, 1010);
INSERT INTO public.medicine_category (category_id, medicine_id) VALUES (2010, 1011);
INSERT INTO public.medicine_category (category_id, medicine_id) VALUES (2010, 1012);
INSERT INTO public.medicine_category (category_id, medicine_id) VALUES (2010, 1013);
INSERT INTO public.medicine_category (category_id, medicine_id) VALUES (2010, 1014);
INSERT INTO public.medicine_category (category_id, medicine_id) VALUES (2010, 1015);
INSERT INTO public.medicine_category (category_id, medicine_id) VALUES (2010, 1016);
INSERT INTO public.medicine_category (category_id, medicine_id) VALUES (2010, 1017);
INSERT INTO public.medicine_category (category_id, medicine_id) VALUES (2010, 1018);
INSERT INTO public.medicine_category (category_id, medicine_id) VALUES (2009, 1019);
INSERT INTO public.medicine_category (category_id, medicine_id) VALUES (2010, 1019);
INSERT INTO public.medicine_category (category_id, medicine_id) VALUES (2004, 1020);
INSERT INTO public.medicine_category (category_id, medicine_id) VALUES (2004, 1021);
INSERT INTO public.medicine_category (category_id, medicine_id) VALUES (2004, 1022);
INSERT INTO public.medicine_category (category_id, medicine_id) VALUES (2004, 1023);
INSERT INTO public.medicine_category (category_id, medicine_id) VALUES (2004, 1024);
INSERT INTO public.medicine_category (category_id, medicine_id) VALUES (2004, 1025);
INSERT INTO public.medicine_category (category_id, medicine_id) VALUES (2004, 1026);
INSERT INTO public.medicine_category (category_id, medicine_id) VALUES (2004, 1027);
INSERT INTO public.medicine_category (category_id, medicine_id) VALUES (2002, 1028);
INSERT INTO public.medicine_category (category_id, medicine_id) VALUES (2002, 1029);
INSERT INTO public.medicine_category (category_id, medicine_id) VALUES (2002, 1030);
INSERT INTO public.medicine_category (category_id, medicine_id) VALUES (2002, 1031);
INSERT INTO public.medicine_category (category_id, medicine_id) VALUES (2002, 1032);
INSERT INTO public.medicine_category (category_id, medicine_id) VALUES (2002, 1033);
INSERT INTO public.medicine_category (category_id, medicine_id) VALUES (2002, 1034);
INSERT INTO public.medicine_category (category_id, medicine_id) VALUES (2002, 1035);
INSERT INTO public.medicine_category (category_id, medicine_id) VALUES (2002, 1036);
INSERT INTO public.medicine_category (category_id, medicine_id) VALUES (2002, 1037);
INSERT INTO public.medicine_category (category_id, medicine_id) VALUES (2002, 1038);
INSERT INTO public.medicine_category (category_id, medicine_id) VALUES (2002, 1039);
INSERT INTO public.medicine_category (category_id, medicine_id) VALUES (2009, 1040);
INSERT INTO public.medicine_category (category_id, medicine_id) VALUES (2002, 1040);
INSERT INTO public.medicine_category (category_id, medicine_id) VALUES (2003, 1041);
INSERT INTO public.medicine_category (category_id, medicine_id) VALUES (2003, 1042);
INSERT INTO public.medicine_category (category_id, medicine_id) VALUES (2009, 1042);
INSERT INTO public.medicine_category (category_id, medicine_id) VALUES (2003, 1043);
INSERT INTO public.medicine_category (category_id, medicine_id) VALUES (2003, 1044);
INSERT INTO public.medicine_category (category_id, medicine_id) VALUES (2003, 1045);
INSERT INTO public.medicine_category (category_id, medicine_id) VALUES (2003, 1046);
INSERT INTO public.medicine_category (category_id, medicine_id) VALUES (2003, 1047);
INSERT INTO public.medicine_category (category_id, medicine_id) VALUES (2003, 1048);
INSERT INTO public.medicine_category (category_id, medicine_id) VALUES (2003, 1049);
INSERT INTO public.medicine_category (category_id, medicine_id) VALUES (2003, 1050);
INSERT INTO public.medicine_category (category_id, medicine_id) VALUES (2003, 1051);
INSERT INTO public.medicine_category (category_id, medicine_id) VALUES (2003, 1052);
INSERT INTO public.medicine_category (category_id, medicine_id) VALUES (2003, 1053);
INSERT INTO public.medicine_category (category_id, medicine_id) VALUES (2003, 1054);
INSERT INTO public.medicine_category (category_id, medicine_id) VALUES (2005, 1055);
INSERT INTO public.medicine_category (category_id, medicine_id) VALUES (2005, 1056);
INSERT INTO public.medicine_category (category_id, medicine_id) VALUES (2005, 1057);
INSERT INTO public.medicine_category (category_id, medicine_id) VALUES (2005, 1058);
INSERT INTO public.medicine_category (category_id, medicine_id) VALUES (2005, 1059);
INSERT INTO public.medicine_category (category_id, medicine_id) VALUES (2005, 1060);
INSERT INTO public.medicine_category (category_id, medicine_id) VALUES (2005, 1061);
INSERT INTO public.medicine_category (category_id, medicine_id) VALUES (2005, 1062);
INSERT INTO public.medicine_category (category_id, medicine_id) VALUES (2005, 1063);
INSERT INTO public.medicine_category (category_id, medicine_id) VALUES (2009, 1064);
INSERT INTO public.medicine_category (category_id, medicine_id) VALUES (2005, 1064);
INSERT INTO public.medicine_category (category_id, medicine_id) VALUES (2007, 1065);
INSERT INTO public.medicine_category (category_id, medicine_id) VALUES (2007, 1066);
INSERT INTO public.medicine_category (category_id, medicine_id) VALUES (2007, 1067);
INSERT INTO public.medicine_category (category_id, medicine_id) VALUES (2007, 1068);
INSERT INTO public.medicine_category (category_id, medicine_id) VALUES (2007, 1069);
INSERT INTO public.medicine_category (category_id, medicine_id) VALUES (2007, 1070);
INSERT INTO public.medicine_category (category_id, medicine_id) VALUES (2007, 1071);
INSERT INTO public.medicine_category (category_id, medicine_id) VALUES (2007, 1072);
INSERT INTO public.medicine_category (category_id, medicine_id) VALUES (2007, 1073);
INSERT INTO public.medicine_category (category_id, medicine_id) VALUES (2007, 1074);
INSERT INTO public.medicine_category (category_id, medicine_id) VALUES (2007, 1075);
INSERT INTO public.medicine_category (category_id, medicine_id) VALUES (2007, 1076);
INSERT INTO public.medicine_category (category_id, medicine_id) VALUES (2006, 1077);
INSERT INTO public.medicine_category (category_id, medicine_id) VALUES (2006, 1078);
INSERT INTO public.medicine_category (category_id, medicine_id) VALUES (2006, 1079);
INSERT INTO public.medicine_category (category_id, medicine_id) VALUES (2006, 1080);
INSERT INTO public.medicine_category (category_id, medicine_id) VALUES (2006, 1081);
INSERT INTO public.medicine_category (category_id, medicine_id) VALUES (2006, 1082);
INSERT INTO public.medicine_category (category_id, medicine_id) VALUES (2006, 1083);
INSERT INTO public.medicine_category (category_id, medicine_id) VALUES (2006, 1084);
INSERT INTO public.medicine_category (category_id, medicine_id) VALUES (2006, 1085);
INSERT INTO public.medicine_category (category_id, medicine_id) VALUES (2006, 1086);
INSERT INTO public.medicine_category (category_id, medicine_id) VALUES (2006, 1087);
INSERT INTO public.medicine_category (category_id, medicine_id) VALUES (2006, 1088);
INSERT INTO public.medicine_category (category_id, medicine_id) VALUES (2006, 1089);
INSERT INTO public.medicine_category (category_id, medicine_id) VALUES (2006, 1090);
INSERT INTO public.medicine_category (category_id, medicine_id) VALUES (2006, 1091);
INSERT INTO public.medicine_category (category_id, medicine_id) VALUES (2006, 1092);
INSERT INTO public.medicine_category (category_id, medicine_id) VALUES (2006, 1093);
INSERT INTO public.medicine_category (category_id, medicine_id) VALUES (2006, 1094);
INSERT INTO public.medicine_category (category_id, medicine_id) VALUES (2006, 1095);
INSERT INTO public.medicine_category (category_id, medicine_id) VALUES (2006, 1096);
INSERT INTO public.medicine_category (category_id, medicine_id) VALUES (2006, 1097);
INSERT INTO public.medicine_category (category_id, medicine_id) VALUES (2006, 1098);
INSERT INTO public.medicine_category (category_id, medicine_id) VALUES (2006, 1099);
INSERT INTO public.medicine_category (category_id, medicine_id) VALUES (2006, 1100);
INSERT INTO public.medicine_category (category_id, medicine_id) VALUES (2006, 1101);
INSERT INTO public.medicine_category (category_id, medicine_id) VALUES (2006, 1102);
INSERT INTO public.medicine_category (category_id, medicine_id) VALUES (2006, 1103);
INSERT INTO public.medicine_category (category_id, medicine_id) VALUES (2006, 1104);
INSERT INTO public.medicine_category (category_id, medicine_id) VALUES (2008, 1104);
INSERT INTO public.medicine_category (category_id, medicine_id) VALUES (2006, 1105);
INSERT INTO public.medicine_category (category_id, medicine_id) VALUES (2004, 1105);
INSERT INTO public.medicine_category (category_id, medicine_id) VALUES (2008, 1106);
INSERT INTO public.medicine_category (category_id, medicine_id) VALUES (2006, 1106);
INSERT INTO public.medicine_category (category_id, medicine_id) VALUES (2008, 1107);
INSERT INTO public.medicine_category (category_id, medicine_id) VALUES (2008, 1108);
INSERT INTO public.medicine_category (category_id, medicine_id) VALUES (2007, 1108);
INSERT INTO public.medicine_category (category_id, medicine_id) VALUES (2007, 1109);
INSERT INTO public.medicine_category (category_id, medicine_id) VALUES (2008, 1109);
INSERT INTO public.medicine_category (category_id, medicine_id) VALUES (2006, 1110);
INSERT INTO public.medicine_category (category_id, medicine_id) VALUES (2004, 1110);


--
-- Data for Name: users; Type: TABLE DATA; Schema: public; Owner: postgres
--

INSERT INTO public.users (user_id, first_name, last_name, email_address, passwd, phone_number, address, gender, dob, enabled) VALUES (102, 'John', 'Smith', 'johnsmith@reddit.com', '1234567890', '4123459087', '3459 Fifth Avenue', 'M', '1992-10-11', 'Y');
INSERT INTO public.users (user_id, first_name, last_name, email_address, passwd, phone_number, address, gender, dob, enabled) VALUES (103, 'Kevin', 'Meyers', 'kevinmeyers@gmail.com', '1234567890', '5689023456', '970 Murray Ave', 'M', '1972-11-06', 'Y');
INSERT INTO public.users (user_id, first_name, last_name, email_address, passwd, phone_number, address, gender, dob, enabled) VALUES (104, 'Ana', 'Lee', 'analee@gmail.com', '1234567890', '7120986572', '456 North Criag St', 'F', '1990-03-12', 'Y');
INSERT INTO public.users (user_id, first_name, last_name, email_address, passwd, phone_number, address, gender, dob, enabled) VALUES (105, 'Mark', 'Robinson', 'markrobinson@hotmail.com', '1234567890', '9860012345', '708 Penn Ave', 'M', '1993-12-10', 'Y');
INSERT INTO public.users (user_id, first_name, last_name, email_address, passwd, phone_number, address, gender, dob, enabled) VALUES (106, 'Julia', 'Stewarts', 'juliastewarts@outlook.com', '1234567890', '4023458901', '567 Carson St', 'F', '1969-03-06', 'Y');
INSERT INTO public.users (user_id, first_name, last_name, email_address, passwd, phone_number, address, gender, dob, enabled) VALUES (107, 'Riley', 'Hall', 'rileyhall@gmail.com', '1234567890', '3418902345', '5600 Bellefront Ave', 'M', '1989-12-09', 'Y');
INSERT INTO public.users (user_id, first_name, last_name, email_address, passwd, phone_number, address, gender, dob, enabled) VALUES (108, 'Alyssa', 'Lewis', 'alyssalewis@gmail.com', '1234567890', '8048901238', '871 Bellefield Ave', 'F', '1998-07-23', 'Y');
INSERT INTO public.users (user_id, first_name, last_name, email_address, passwd, phone_number, address, gender, dob, enabled) VALUES (109, 'Sadie', 'Ward', 'sadieward@gmail.com', '1234567890', '9423570121', '2100 Lincon St', 'F', '1984-08-08', 'Y');
INSERT INTO public.users (user_id, first_name, last_name, email_address, passwd, phone_number, address, gender, dob, enabled) VALUES (110, 'Simon', 'Cowell', 'simoncowell@hotmail.com', '1234567890', '9838467352', '048 Doerrville Ave', 'M', '2006-02-12', 'Y');
INSERT INTO public.users (user_id, first_name, last_name, email_address, passwd, phone_number, address, gender, dob, enabled) VALUES (111, 'Savannah', 'Perez', 'savannahperez@gmail.com', '1234567890', '2334800123', '4 Winds St', 'F', '1985-09-13', 'Y');
INSERT INTO public.users (user_id, first_name, last_name, email_address, passwd, phone_number, address, gender, dob, enabled) VALUES (112, 'Mathew', 'Gilbert', 'mathewgilbert@hotmail.com', '1234567890', '6077231567', '678 Bradsford St', 'M', '1979-03-18', 'Y');
INSERT INTO public.users (user_id, first_name, last_name, email_address, passwd, phone_number, address, gender, dob, enabled) VALUES (113, 'Madison', 'Phillips', 'madisonphillips@gmail.com', '1234567890', '8374519876', '109 Center Ave', 'F', '1987-04-15', 'Y');
INSERT INTO public.users (user_id, first_name, last_name, email_address, passwd, phone_number, address, gender, dob, enabled) VALUES (201, 'Steven', 'Jones', 'stevenjones@reddit.com', '1234567890', '8290915523', '400 Atwood St', 'M', '1990-10-10', 'Y');
INSERT INTO public.users (user_id, first_name, last_name, email_address, passwd, phone_number, address, gender, dob, enabled) VALUES (202, 'Luke', 'Coutinho', 'lukecoutinho@yahoo.com', '1234567890', '2863125565', '460 Washington Rd', 'M', '1992-12-12', 'Y');
INSERT INTO public.users (user_id, first_name, last_name, email_address, passwd, phone_number, address, gender, dob, enabled) VALUES (203, 'Arnold', 'Palmer', 'arnoldpalmer@yahoo.com', '1234567890', '3855467881', '1000 Beverly Rd', 'M', '1982-02-12', 'Y');
INSERT INTO public.users (user_id, first_name, last_name, email_address, passwd, phone_number, address, gender, dob, enabled) VALUES (205, 'Emma', 'Fernandes', 'emmafernandiz@gmail.com', '1234567890', '5670986752', '200 Robinson Road', 'F', '1985-02-06', 'Y');
INSERT INTO public.users (user_id, first_name, last_name, email_address, passwd, phone_number, address, gender, dob, enabled) VALUES (206, 'Joshua', 'Zacharia', 'joshuazacharia@gmail.com', '1234567890', '2678901234', '250 Peterson Ave', 'M', '1999-09-06', 'Y');
INSERT INTO public.users (user_id, first_name, last_name, email_address, passwd, phone_number, address, gender, dob, enabled) VALUES (208, 'Mike', 'Clark', 'mikeclark@hotmail.com', '1234567890', '4123045678', '87 Lincoln Rd', 'M', '1995-09-06', 'Y');
INSERT INTO public.users (user_id, first_name, last_name, email_address, passwd, phone_number, address, gender, dob, enabled) VALUES (209, 'Charlotte', 'Hill', 'charlottehill@hotmail.com', '1234567890', '9082444771', '655 Painters Run Rd', 'F', '1995-09-06', 'Y');
INSERT INTO public.users (user_id, first_name, last_name, email_address, passwd, phone_number, address, gender, dob, enabled) VALUES (207, 'Samantha', 'Sanchez', 'samathasanchez@gmail.com', '1234567890', '9895671209', '8207 Rodgers Rd', 'F', '1990-09-06', 'Y');
INSERT INTO public.users (user_id, first_name, last_name, email_address, passwd, phone_number, address, gender, dob, enabled) VALUES (204, 'Sebastian', 'Willams', 'sebastianwillaims@gmail.com', '1234567890', '4123456789', '500 Castle Shannon Blvd', 'M', '1980-12-20', 'Y');
INSERT INTO public.users (user_id, first_name, last_name, email_address, passwd, phone_number, address, gender, dob, enabled) VALUES (101, 'Victoria', 'Gray', 'victoriagray@gmail.com', '1234567890', '7024683456', '378 Atwood St', 'F', '1995-08-11', 'Y');


--
-- Data for Name: orders; Type: TABLE DATA; Schema: public; Owner: postgres
--

INSERT INTO public.orders (order_id, total_amt, order_date, user_id, store_id) VALUES (5001, 0.0000000000, '2019-01-28', 101, 1);
INSERT INTO public.orders (order_id, total_amt, order_date, user_id, store_id) VALUES (5002, 0.0000000000, '2019-01-30', 102, 2);
INSERT INTO public.orders (order_id, total_amt, order_date, user_id, store_id) VALUES (5003, 0.0000000000, '2019-01-31', 103, 3);
INSERT INTO public.orders (order_id, total_amt, order_date, user_id, store_id) VALUES (5004, 0.0000000000, '2019-02-08', 104, 1);
INSERT INTO public.orders (order_id, total_amt, order_date, user_id, store_id) VALUES (5005, 0.0000000000, '2019-02-10', 105, 2);
INSERT INTO public.orders (order_id, total_amt, order_date, user_id, store_id) VALUES (5006, 0.0000000000, '2019-02-17', 106, 3);
INSERT INTO public.orders (order_id, total_amt, order_date, user_id, store_id) VALUES (5007, 0.0000000000, '2019-02-18', 107, 1);
INSERT INTO public.orders (order_id, total_amt, order_date, user_id, store_id) VALUES (5008, 0.0000000000, '2019-02-19', 108, 2);
INSERT INTO public.orders (order_id, total_amt, order_date, user_id, store_id) VALUES (5009, 0.0000000000, '2019-02-20', 109, 3);
INSERT INTO public.orders (order_id, total_amt, order_date, user_id, store_id) VALUES (5010, 0.0000000000, '2019-03-09', 110, 1);
INSERT INTO public.orders (order_id, total_amt, order_date, user_id, store_id) VALUES (5011, 0.0000000000, '2019-03-23', 111, 2);
INSERT INTO public.orders (order_id, total_amt, order_date, user_id, store_id) VALUES (5012, 0.0000000000, '2019-03-29', 112, 3);
INSERT INTO public.orders (order_id, total_amt, order_date, user_id, store_id) VALUES (5013, 0.0000000000, '2019-03-31', 113, 1);
INSERT INTO public.orders (order_id, total_amt, order_date, user_id, store_id) VALUES (5014, 0.0000000000, '2019-04-02', 101, 2);
INSERT INTO public.orders (order_id, total_amt, order_date, user_id, store_id) VALUES (5015, 0.0000000000, '2019-04-05', 102, 3);
INSERT INTO public.orders (order_id, total_amt, order_date, user_id, store_id) VALUES (5016, 0.0000000000, '2019-04-09', 103, 1);
INSERT INTO public.orders (order_id, total_amt, order_date, user_id, store_id) VALUES (5017, 0.0000000000, '2019-04-11', 104, 2);
INSERT INTO public.orders (order_id, total_amt, order_date, user_id, store_id) VALUES (5018, 0.0000000000, '2019-04-13', 105, 3);
INSERT INTO public.orders (order_id, total_amt, order_date, user_id, store_id) VALUES (5019, 0.0000000000, '2019-04-15', 106, 1);
INSERT INTO public.orders (order_id, total_amt, order_date, user_id, store_id) VALUES (5020, 0.0000000000, '2019-04-19', 107, 2);
INSERT INTO public.orders (order_id, total_amt, order_date, user_id, store_id) VALUES (5021, 0.0000000000, '2019-04-21', 108, 3);
INSERT INTO public.orders (order_id, total_amt, order_date, user_id, store_id) VALUES (5022, 0.0000000000, '2019-04-25', 109, 1);
INSERT INTO public.orders (order_id, total_amt, order_date, user_id, store_id) VALUES (5023, 0.0000000000, '2019-04-27', 110, 2);
INSERT INTO public.orders (order_id, total_amt, order_date, user_id, store_id) VALUES (5024, 0.0000000000, '2019-04-30', 111, 3);
INSERT INTO public.orders (order_id, total_amt, order_date, user_id, store_id) VALUES (5025, 0.0000000000, '2019-05-01', 112, 1);
INSERT INTO public.orders (order_id, total_amt, order_date, user_id, store_id) VALUES (5026, 0.0000000000, '2019-05-04', 113, 2);
INSERT INTO public.orders (order_id, total_amt, order_date, user_id, store_id) VALUES (5027, 0.0000000000, '2019-05-12', 101, 3);
INSERT INTO public.orders (order_id, total_amt, order_date, user_id, store_id) VALUES (5028, 0.0000000000, '2019-05-17', 102, 1);
INSERT INTO public.orders (order_id, total_amt, order_date, user_id, store_id) VALUES (5029, 0.0000000000, '2019-05-20', 103, 2);
INSERT INTO public.orders (order_id, total_amt, order_date, user_id, store_id) VALUES (5030, 0.0000000000, '2019-05-23', 104, 3);
INSERT INTO public.orders (order_id, total_amt, order_date, user_id, store_id) VALUES (5031, 0.0000000000, '2019-05-24', 105, 1);
INSERT INTO public.orders (order_id, total_amt, order_date, user_id, store_id) VALUES (5032, 0.0000000000, '2019-05-27', 106, 2);
INSERT INTO public.orders (order_id, total_amt, order_date, user_id, store_id) VALUES (5033, 0.0000000000, '2019-06-05', 107, 3);
INSERT INTO public.orders (order_id, total_amt, order_date, user_id, store_id) VALUES (5034, 0.0000000000, '2019-06-10', 108, 1);
INSERT INTO public.orders (order_id, total_amt, order_date, user_id, store_id) VALUES (5035, 0.0000000000, '2019-06-12', 109, 2);
INSERT INTO public.orders (order_id, total_amt, order_date, user_id, store_id) VALUES (5036, 0.0000000000, '2019-06-19', 110, 3);
INSERT INTO public.orders (order_id, total_amt, order_date, user_id, store_id) VALUES (5037, 0.0000000000, '2019-06-28', 111, 1);
INSERT INTO public.orders (order_id, total_amt, order_date, user_id, store_id) VALUES (5038, 0.0000000000, '2019-07-08', 112, 2);
INSERT INTO public.orders (order_id, total_amt, order_date, user_id, store_id) VALUES (5039, 0.0000000000, '2019-07-11', 113, 3);
INSERT INTO public.orders (order_id, total_amt, order_date, user_id, store_id) VALUES (5040, 0.0000000000, '2019-07-14', 101, 1);
INSERT INTO public.orders (order_id, total_amt, order_date, user_id, store_id) VALUES (5041, 0.0000000000, '2019-07-21', 102, 2);
INSERT INTO public.orders (order_id, total_amt, order_date, user_id, store_id) VALUES (5042, 0.0000000000, '2019-07-31', 103, 3);
INSERT INTO public.orders (order_id, total_amt, order_date, user_id, store_id) VALUES (5043, 0.0000000000, '2019-08-12', 104, 1);
INSERT INTO public.orders (order_id, total_amt, order_date, user_id, store_id) VALUES (5044, 0.0000000000, '2019-08-16', 105, 2);
INSERT INTO public.orders (order_id, total_amt, order_date, user_id, store_id) VALUES (5045, 0.0000000000, '2019-08-18', 106, 3);
INSERT INTO public.orders (order_id, total_amt, order_date, user_id, store_id) VALUES (5046, 0.0000000000, '2019-08-20', 107, 1);
INSERT INTO public.orders (order_id, total_amt, order_date, user_id, store_id) VALUES (5047, 0.0000000000, '2019-08-24', 108, 2);
INSERT INTO public.orders (order_id, total_amt, order_date, user_id, store_id) VALUES (5048, 0.0000000000, '2019-08-26', 109, 3);
INSERT INTO public.orders (order_id, total_amt, order_date, user_id, store_id) VALUES (5049, 0.0000000000, '2019-08-31', 110, 1);
INSERT INTO public.orders (order_id, total_amt, order_date, user_id, store_id) VALUES (5050, 0.0000000000, '2019-09-13', 111, 2);
INSERT INTO public.orders (order_id, total_amt, order_date, user_id, store_id) VALUES (5051, 0.0000000000, '2019-09-27', 112, 3);
INSERT INTO public.orders (order_id, total_amt, order_date, user_id, store_id) VALUES (5052, 0.0000000000, '2019-09-28', 113, 1);
INSERT INTO public.orders (order_id, total_amt, order_date, user_id, store_id) VALUES (5053, 0.0000000000, '2019-09-29', 101, 2);
INSERT INTO public.orders (order_id, total_amt, order_date, user_id, store_id) VALUES (5054, 0.0000000000, '2019-09-30', 102, 3);
INSERT INTO public.orders (order_id, total_amt, order_date, user_id, store_id) VALUES (5055, 0.0000000000, '2019-10-14', 103, 1);
INSERT INTO public.orders (order_id, total_amt, order_date, user_id, store_id) VALUES (5056, 0.0000000000, '2019-10-22', 104, 2);
INSERT INTO public.orders (order_id, total_amt, order_date, user_id, store_id) VALUES (5057, 0.0000000000, '2019-10-26', 105, 3);
INSERT INTO public.orders (order_id, total_amt, order_date, user_id, store_id) VALUES (5058, 0.0000000000, '2019-10-29', 106, 1);
INSERT INTO public.orders (order_id, total_amt, order_date, user_id, store_id) VALUES (5059, 0.0000000000, '2019-11-01', 107, 2);
INSERT INTO public.orders (order_id, total_amt, order_date, user_id, store_id) VALUES (5060, 0.0000000000, '2019-11-09', 108, 3);
INSERT INTO public.orders (order_id, total_amt, order_date, user_id, store_id) VALUES (5061, 0.0000000000, '2019-11-15', 109, 1);
INSERT INTO public.orders (order_id, total_amt, order_date, user_id, store_id) VALUES (5062, 0.0000000000, '2019-11-18', 110, 2);
INSERT INTO public.orders (order_id, total_amt, order_date, user_id, store_id) VALUES (5063, 0.0000000000, '2019-11-22', 111, 3);
INSERT INTO public.orders (order_id, total_amt, order_date, user_id, store_id) VALUES (5064, 0.0000000000, '2019-11-23', 112, 1);
INSERT INTO public.orders (order_id, total_amt, order_date, user_id, store_id) VALUES (5065, 0.0000000000, '2019-11-25', 113, 2);
INSERT INTO public.orders (order_id, total_amt, order_date, user_id, store_id) VALUES (5066, 0.0000000000, '2019-11-28', 101, 3);


--
-- Data for Name: order_items; Type: TABLE DATA; Schema: public; Owner: postgres
--

INSERT INTO public.order_items (order_id, medicine_id, stock_id, unit_selling_price, quantity, total_amt) VALUES (5001, 1001, 4006, 4.8875, 8, 39.1000000000);
INSERT INTO public.order_items (order_id, medicine_id, stock_id, unit_selling_price, quantity, total_amt) VALUES (5001, 1039, 4003, 4.0250, 2, 8.0500000000);
INSERT INTO public.order_items (order_id, medicine_id, stock_id, unit_selling_price, quantity, total_amt) VALUES (5001, 1010, 4002, 5.7500, 8, 46.0000000000);
INSERT INTO public.order_items (order_id, medicine_id, stock_id, unit_selling_price, quantity, total_amt) VALUES (5001, 1110, 4004, 10.3500, 8, 82.8000000000);
INSERT INTO public.order_items (order_id, medicine_id, stock_id, unit_selling_price, quantity, total_amt) VALUES (5001, 1005, 4006, 2.8750, 7, 20.1250000000);
INSERT INTO public.order_items (order_id, medicine_id, stock_id, unit_selling_price, quantity, total_amt) VALUES (5002, 1045, 4009, 3.7835, 10, 37.8350000000);
INSERT INTO public.order_items (order_id, medicine_id, stock_id, unit_selling_price, quantity, total_amt) VALUES (5002, 1007, 4012, 2.8750, 3, 8.6250000000);
INSERT INTO public.order_items (order_id, medicine_id, stock_id, unit_selling_price, quantity, total_amt) VALUES (5002, 1101, 4009, 7.6360, 7, 53.4520000000);
INSERT INTO public.order_items (order_id, medicine_id, stock_id, unit_selling_price, quantity, total_amt) VALUES (5002, 1009, 4008, 5.2325, 4, 20.9300000000);
INSERT INTO public.order_items (order_id, medicine_id, stock_id, unit_selling_price, quantity, total_amt) VALUES (5002, 1096, 4008, 3.4500, 4, 13.8000000000);
INSERT INTO public.order_items (order_id, medicine_id, stock_id, unit_selling_price, quantity, total_amt) VALUES (5003, 1097, 4013, 3.4500, 6, 20.7000000000);
INSERT INTO public.order_items (order_id, medicine_id, stock_id, unit_selling_price, quantity, total_amt) VALUES (5003, 1007, 4018, 2.8750, 4, 11.5000000000);
INSERT INTO public.order_items (order_id, medicine_id, stock_id, unit_selling_price, quantity, total_amt) VALUES (5003, 1008, 4018, 5.1750, 6, 31.0500000000);
INSERT INTO public.order_items (order_id, medicine_id, stock_id, unit_selling_price, quantity, total_amt) VALUES (5003, 1102, 4018, 6.9000, 3, 20.7000000000);
INSERT INTO public.order_items (order_id, medicine_id, stock_id, unit_selling_price, quantity, total_amt) VALUES (5003, 1010, 4014, 5.7500, 4, 23.0000000000);
INSERT INTO public.order_items (order_id, medicine_id, stock_id, unit_selling_price, quantity, total_amt) VALUES (5004, 1059, 4001, 8.6250, 4, 34.5000000000);
INSERT INTO public.order_items (order_id, medicine_id, stock_id, unit_selling_price, quantity, total_amt) VALUES (5004, 1036, 4003, 3.4500, 5, 17.2500000000);
INSERT INTO public.order_items (order_id, medicine_id, stock_id, unit_selling_price, quantity, total_amt) VALUES (5004, 1018, 4002, 2.8750, 4, 11.5000000000);
INSERT INTO public.order_items (order_id, medicine_id, stock_id, unit_selling_price, quantity, total_amt) VALUES (5004, 1047, 4004, 8.6250, 6, 51.7500000000);
INSERT INTO public.order_items (order_id, medicine_id, stock_id, unit_selling_price, quantity, total_amt) VALUES (5004, 1020, 4001, 9.7750, 7, 68.4250000000);
INSERT INTO public.order_items (order_id, medicine_id, stock_id, unit_selling_price, quantity, total_amt) VALUES (5005, 1011, 4008, 2.3000, 5, 11.5000000000);
INSERT INTO public.order_items (order_id, medicine_id, stock_id, unit_selling_price, quantity, total_amt) VALUES (5005, 1012, 4010, 5.7500, 9, 51.7500000000);
INSERT INTO public.order_items (order_id, medicine_id, stock_id, unit_selling_price, quantity, total_amt) VALUES (5005, 1037, 4009, 3.4500, 3, 10.3500000000);
INSERT INTO public.order_items (order_id, medicine_id, stock_id, unit_selling_price, quantity, total_amt) VALUES (5005, 1014, 4007, 4.6000, 6, 27.6000000000);
INSERT INTO public.order_items (order_id, medicine_id, stock_id, unit_selling_price, quantity, total_amt) VALUES (5005, 1015, 4007, 2.3000, 3, 6.9000000000);
INSERT INTO public.order_items (order_id, medicine_id, stock_id, unit_selling_price, quantity, total_amt) VALUES (5006, 1011, 4014, 2.3000, 2, 4.6000000000);
INSERT INTO public.order_items (order_id, medicine_id, stock_id, unit_selling_price, quantity, total_amt) VALUES (5006, 1036, 4015, 3.4500, 6, 20.7000000000);
INSERT INTO public.order_items (order_id, medicine_id, stock_id, unit_selling_price, quantity, total_amt) VALUES (5006, 1013, 4014, 9.2000, 3, 27.6000000000);
INSERT INTO public.order_items (order_id, medicine_id, stock_id, unit_selling_price, quantity, total_amt) VALUES (5006, 1034, 4016, 10.9250, 6, 65.5500000000);
INSERT INTO public.order_items (order_id, medicine_id, stock_id, unit_selling_price, quantity, total_amt) VALUES (5006, 1084, 4013, 6.6125, 3, 19.8375000000);
INSERT INTO public.order_items (order_id, medicine_id, stock_id, unit_selling_price, quantity, total_amt) VALUES (5007, 1031, 4004, 4.0250, 6, 24.1500000000);
INSERT INTO public.order_items (order_id, medicine_id, stock_id, unit_selling_price, quantity, total_amt) VALUES (5007, 1032, 4005, 16.1000, 8, 128.8000000000);
INSERT INTO public.order_items (order_id, medicine_id, stock_id, unit_selling_price, quantity, total_amt) VALUES (5007, 1038, 4003, 5.7500, 2, 11.5000000000);
INSERT INTO public.order_items (order_id, medicine_id, stock_id, unit_selling_price, quantity, total_amt) VALUES (5007, 1041, 4003, 8.6250, 5, 43.1250000000);
INSERT INTO public.order_items (order_id, medicine_id, stock_id, unit_selling_price, quantity, total_amt) VALUES (5007, 1035, 4003, 1.7250, 3, 5.1750000000);
INSERT INTO public.order_items (order_id, medicine_id, stock_id, unit_selling_price, quantity, total_amt) VALUES (5008, 1021, 4007, 5.7500, 10, 57.5000000000);
INSERT INTO public.order_items (order_id, medicine_id, stock_id, unit_selling_price, quantity, total_amt) VALUES (5008, 1103, 4007, 6.9000, 4, 27.6000000000);
INSERT INTO public.order_items (order_id, medicine_id, stock_id, unit_selling_price, quantity, total_amt) VALUES (5008, 1010, 4008, 5.7500, 4, 23.0000000000);
INSERT INTO public.order_items (order_id, medicine_id, stock_id, unit_selling_price, quantity, total_amt) VALUES (5008, 1024, 4007, 6.9000, 9, 62.1000000000);
INSERT INTO public.order_items (order_id, medicine_id, stock_id, unit_selling_price, quantity, total_amt) VALUES (5008, 1005, 4012, 2.8750, 5, 14.3750000000);
INSERT INTO public.order_items (order_id, medicine_id, stock_id, unit_selling_price, quantity, total_amt) VALUES (5009, 1021, 4013, 5.7500, 6, 34.5000000000);
INSERT INTO public.order_items (order_id, medicine_id, stock_id, unit_selling_price, quantity, total_amt) VALUES (5009, 1022, 4014, 8.0500, 3, 24.1500000000);
INSERT INTO public.order_items (order_id, medicine_id, stock_id, unit_selling_price, quantity, total_amt) VALUES (5009, 1032, 4017, 16.1000, 5, 80.5000000000);
INSERT INTO public.order_items (order_id, medicine_id, stock_id, unit_selling_price, quantity, total_amt) VALUES (5009, 1091, 4017, 9.2000, 2, 18.4000000000);
INSERT INTO public.order_items (order_id, medicine_id, stock_id, unit_selling_price, quantity, total_amt) VALUES (5009, 1024, 4013, 6.9000, 4, 27.6000000000);
INSERT INTO public.order_items (order_id, medicine_id, stock_id, unit_selling_price, quantity, total_amt) VALUES (5010, 1046, 4003, 2.8750, 6, 17.2500000000);
INSERT INTO public.order_items (order_id, medicine_id, stock_id, unit_selling_price, quantity, total_amt) VALUES (5010, 1025, 4005, 2.9325, 5, 14.6625000000);
INSERT INTO public.order_items (order_id, medicine_id, stock_id, unit_selling_price, quantity, total_amt) VALUES (5010, 1048, 4004, 5.7500, 6, 34.5000000000);
INSERT INTO public.order_items (order_id, medicine_id, stock_id, unit_selling_price, quantity, total_amt) VALUES (5010, 1049, 4004, 11.5000, 3, 34.5000000000);
INSERT INTO public.order_items (order_id, medicine_id, stock_id, unit_selling_price, quantity, total_amt) VALUES (5010, 1050, 4004, 3.4500, 3, 10.3500000000);
INSERT INTO public.order_items (order_id, medicine_id, stock_id, unit_selling_price, quantity, total_amt) VALUES (5011, 1006, 4012, 2.8750, 4, 11.5000000000);
INSERT INTO public.order_items (order_id, medicine_id, stock_id, unit_selling_price, quantity, total_amt) VALUES (5011, 1027, 4011, 6.9000, 4, 27.6000000000);
INSERT INTO public.order_items (order_id, medicine_id, stock_id, unit_selling_price, quantity, total_amt) VALUES (5011, 1095, 4010, 2.8750, 10, 28.7500000000);
INSERT INTO public.order_items (order_id, medicine_id, stock_id, unit_selling_price, quantity, total_amt) VALUES (5011, 1022, 4008, 8.0500, 9, 72.4500000000);
INSERT INTO public.order_items (order_id, medicine_id, stock_id, unit_selling_price, quantity, total_amt) VALUES (5011, 1030, 4011, 4.0250, 5, 20.1250000000);
INSERT INTO public.order_items (order_id, medicine_id, stock_id, unit_selling_price, quantity, total_amt) VALUES (5012, 1074, 4015, 3.4500, 5, 17.2500000000);
INSERT INTO public.order_items (order_id, medicine_id, stock_id, unit_selling_price, quantity, total_amt) VALUES (5012, 1044, 4015, 3.4500, 6, 20.7000000000);
INSERT INTO public.order_items (order_id, medicine_id, stock_id, unit_selling_price, quantity, total_amt) VALUES (5012, 1028, 4017, 12.0750, 4, 48.3000000000);
INSERT INTO public.order_items (order_id, medicine_id, stock_id, unit_selling_price, quantity, total_amt) VALUES (5012, 1029, 4017, 9.2000, 4, 36.8000000000);
INSERT INTO public.order_items (order_id, medicine_id, stock_id, unit_selling_price, quantity, total_amt) VALUES (5012, 1030, 4017, 4.0250, 4, 16.1000000000);
INSERT INTO public.order_items (order_id, medicine_id, stock_id, unit_selling_price, quantity, total_amt) VALUES (5013, 1051, 4004, 2.8750, 8, 23.0000000000);
INSERT INTO public.order_items (order_id, medicine_id, stock_id, unit_selling_price, quantity, total_amt) VALUES (5013, 1062, 4001, 14.3750, 5, 71.8750000000);
INSERT INTO public.order_items (order_id, medicine_id, stock_id, unit_selling_price, quantity, total_amt) VALUES (5013, 1028, 4005, 12.0750, 6, 72.4500000000);
INSERT INTO public.order_items (order_id, medicine_id, stock_id, unit_selling_price, quantity, total_amt) VALUES (5013, 1064, 4005, 13.8000, 5, 69.0000000000);
INSERT INTO public.order_items (order_id, medicine_id, stock_id, unit_selling_price, quantity, total_amt) VALUES (5013, 1065, 4002, 0.9775, 6, 5.8650000000);
INSERT INTO public.order_items (order_id, medicine_id, stock_id, unit_selling_price, quantity, total_amt) VALUES (5014, 1041, 4009, 8.6250, 10, 86.2500000000);
INSERT INTO public.order_items (order_id, medicine_id, stock_id, unit_selling_price, quantity, total_amt) VALUES (5014, 1003, 4012, 4.6000, 9, 41.4000000000);
INSERT INTO public.order_items (order_id, medicine_id, stock_id, unit_selling_price, quantity, total_amt) VALUES (5014, 1043, 4009, 9.2000, 9, 82.8000000000);
INSERT INTO public.order_items (order_id, medicine_id, stock_id, unit_selling_price, quantity, total_amt) VALUES (5014, 1044, 4009, 3.4500, 5, 17.2500000000);
INSERT INTO public.order_items (order_id, medicine_id, stock_id, unit_selling_price, quantity, total_amt) VALUES (5014, 1008, 4012, 5.1750, 5, 25.8750000000);
INSERT INTO public.order_items (order_id, medicine_id, stock_id, unit_selling_price, quantity, total_amt) VALUES (5015, 1061, 4016, 13.8000, 6, 82.8000000000);
INSERT INTO public.order_items (order_id, medicine_id, stock_id, unit_selling_price, quantity, total_amt) VALUES (5015, 1037, 4015, 3.4500, 2, 6.9000000000);
INSERT INTO public.order_items (order_id, medicine_id, stock_id, unit_selling_price, quantity, total_amt) VALUES (5015, 1031, 4016, 4.0250, 6, 24.1500000000);
INSERT INTO public.order_items (order_id, medicine_id, stock_id, unit_selling_price, quantity, total_amt) VALUES (5015, 1039, 4015, 4.0250, 3, 12.0750000000);
INSERT INTO public.order_items (order_id, medicine_id, stock_id, unit_selling_price, quantity, total_amt) VALUES (5015, 1040, 4015, 17.8250, 4, 71.3000000000);
INSERT INTO public.order_items (order_id, medicine_id, stock_id, unit_selling_price, quantity, total_amt) VALUES (5016, 1029, 4005, 9.2000, 5, 46.0000000000);
INSERT INTO public.order_items (order_id, medicine_id, stock_id, unit_selling_price, quantity, total_amt) VALUES (5016, 1077, 4005, 6.9000, 6, 41.4000000000);
INSERT INTO public.order_items (order_id, medicine_id, stock_id, unit_selling_price, quantity, total_amt) VALUES (5016, 1078, 4004, 5.7500, 2, 11.5000000000);
INSERT INTO public.order_items (order_id, medicine_id, stock_id, unit_selling_price, quantity, total_amt) VALUES (5016, 1079, 4001, 6.3250, 2, 12.6500000000);
INSERT INTO public.order_items (order_id, medicine_id, stock_id, unit_selling_price, quantity, total_amt) VALUES (5016, 1080, 4006, 5.1750, 5, 25.8750000000);
INSERT INTO public.order_items (order_id, medicine_id, stock_id, unit_selling_price, quantity, total_amt) VALUES (5017, 1051, 4010, 2.8750, 8, 23.0000000000);
INSERT INTO public.order_items (order_id, medicine_id, stock_id, unit_selling_price, quantity, total_amt) VALUES (5017, 1097, 4007, 3.4500, 3, 10.3500000000);
INSERT INTO public.order_items (order_id, medicine_id, stock_id, unit_selling_price, quantity, total_amt) VALUES (5017, 1053, 4007, 17.8250, 3, 53.4750000000);
INSERT INTO public.order_items (order_id, medicine_id, stock_id, unit_selling_price, quantity, total_amt) VALUES (5017, 1063, 4007, 6.9000, 9, 62.1000000000);
INSERT INTO public.order_items (order_id, medicine_id, stock_id, unit_selling_price, quantity, total_amt) VALUES (5017, 1055, 4008, 13.8000, 6, 82.8000000000);
INSERT INTO public.order_items (order_id, medicine_id, stock_id, unit_selling_price, quantity, total_amt) VALUES (5018, 1105, 4016, 16.3300, 2, 32.6600000000);
INSERT INTO public.order_items (order_id, medicine_id, stock_id, unit_selling_price, quantity, total_amt) VALUES (5018, 1042, 4015, 21.2750, 4, 85.1000000000);
INSERT INTO public.order_items (order_id, medicine_id, stock_id, unit_selling_price, quantity, total_amt) VALUES (5018, 1043, 4015, 9.2000, 2, 18.4000000000);
INSERT INTO public.order_items (order_id, medicine_id, stock_id, unit_selling_price, quantity, total_amt) VALUES (5018, 1049, 4016, 11.5000, 3, 34.5000000000);
INSERT INTO public.order_items (order_id, medicine_id, stock_id, unit_selling_price, quantity, total_amt) VALUES (5018, 1045, 4015, 3.7835, 4, 15.1340000000);
INSERT INTO public.order_items (order_id, medicine_id, stock_id, unit_selling_price, quantity, total_amt) VALUES (5019, 1102, 4006, 6.9000, 6, 41.4000000000);
INSERT INTO public.order_items (order_id, medicine_id, stock_id, unit_selling_price, quantity, total_amt) VALUES (5019, 1092, 4004, 9.2000, 7, 64.4000000000);
INSERT INTO public.order_items (order_id, medicine_id, stock_id, unit_selling_price, quantity, total_amt) VALUES (5019, 1093, 4001, 2.8750, 5, 14.3750000000);
INSERT INTO public.order_items (order_id, medicine_id, stock_id, unit_selling_price, quantity, total_amt) VALUES (5019, 1104, 4005, 14.0300, 5, 70.1500000000);
INSERT INTO public.order_items (order_id, medicine_id, stock_id, unit_selling_price, quantity, total_amt) VALUES (5019, 1087, 4003, 4.0250, 4, 16.1000000000);
INSERT INTO public.order_items (order_id, medicine_id, stock_id, unit_selling_price, quantity, total_amt) VALUES (5020, 1056, 4009, 2.3000, 7, 16.1000000000);
INSERT INTO public.order_items (order_id, medicine_id, stock_id, unit_selling_price, quantity, total_amt) VALUES (5020, 1066, 4009, 2.3000, 3, 6.9000000000);
INSERT INTO public.order_items (order_id, medicine_id, stock_id, unit_selling_price, quantity, total_amt) VALUES (5020, 1102, 4012, 6.9000, 8, 55.2000000000);
INSERT INTO public.order_items (order_id, medicine_id, stock_id, unit_selling_price, quantity, total_amt) VALUES (5020, 1059, 4007, 8.6250, 3, 25.8750000000);
INSERT INTO public.order_items (order_id, medicine_id, stock_id, unit_selling_price, quantity, total_amt) VALUES (5020, 1060, 4011, 5.7500, 8, 46.0000000000);
INSERT INTO public.order_items (order_id, medicine_id, stock_id, unit_selling_price, quantity, total_amt) VALUES (5021, 1108, 4016, 9.2000, 4, 36.8000000000);
INSERT INTO public.order_items (order_id, medicine_id, stock_id, unit_selling_price, quantity, total_amt) VALUES (5021, 1052, 4016, 2.8750, 6, 17.2500000000);
INSERT INTO public.order_items (order_id, medicine_id, stock_id, unit_selling_price, quantity, total_amt) VALUES (5021, 1026, 4017, 2.8750, 2, 5.7500000000);
INSERT INTO public.order_items (order_id, medicine_id, stock_id, unit_selling_price, quantity, total_amt) VALUES (5021, 1054, 4017, 4.6000, 5, 23.0000000000);
INSERT INTO public.order_items (order_id, medicine_id, stock_id, unit_selling_price, quantity, total_amt) VALUES (5021, 1066, 4015, 2.3000, 2, 4.6000000000);
INSERT INTO public.order_items (order_id, medicine_id, stock_id, unit_selling_price, quantity, total_amt) VALUES (5022, 1016, 4001, 5.7500, 8, 46.0000000000);
INSERT INTO public.order_items (order_id, medicine_id, stock_id, unit_selling_price, quantity, total_amt) VALUES (5022, 1107, 4006, 17.2500, 6, 103.5000000000);
INSERT INTO public.order_items (order_id, medicine_id, stock_id, unit_selling_price, quantity, total_amt) VALUES (5022, 1006, 4006, 2.8750, 3, 8.6250000000);
INSERT INTO public.order_items (order_id, medicine_id, stock_id, unit_selling_price, quantity, total_amt) VALUES (5022, 1109, 4002, 6.9000, 3, 20.7000000000);
INSERT INTO public.order_items (order_id, medicine_id, stock_id, unit_selling_price, quantity, total_amt) VALUES (5022, 1003, 4006, 4.6000, 4, 18.4000000000);
INSERT INTO public.order_items (order_id, medicine_id, stock_id, unit_selling_price, quantity, total_amt) VALUES (5023, 1001, 4012, 4.8875, 3, 14.6625000000);
INSERT INTO public.order_items (order_id, medicine_id, stock_id, unit_selling_price, quantity, total_amt) VALUES (5023, 1002, 4012, 3.4500, 7, 24.1500000000);
INSERT INTO public.order_items (order_id, medicine_id, stock_id, unit_selling_price, quantity, total_amt) VALUES (5023, 1054, 4011, 4.6000, 5, 23.0000000000);
INSERT INTO public.order_items (order_id, medicine_id, stock_id, unit_selling_price, quantity, total_amt) VALUES (5023, 1004, 4012, 2.8750, 3, 8.6250000000);
INSERT INTO public.order_items (order_id, medicine_id, stock_id, unit_selling_price, quantity, total_amt) VALUES (5023, 1023, 4007, 7.4750, 10, 74.7500000000);
INSERT INTO public.order_items (order_id, medicine_id, stock_id, unit_selling_price, quantity, total_amt) VALUES (5024, 1058, 4018, 5.7500, 2, 11.5000000000);
INSERT INTO public.order_items (order_id, medicine_id, stock_id, unit_selling_price, quantity, total_amt) VALUES (5024, 1057, 4015, 2.8750, 5, 14.3750000000);
INSERT INTO public.order_items (order_id, medicine_id, stock_id, unit_selling_price, quantity, total_amt) VALUES (5024, 1041, 4015, 8.6250, 2, 17.2500000000);
INSERT INTO public.order_items (order_id, medicine_id, stock_id, unit_selling_price, quantity, total_amt) VALUES (5024, 1059, 4013, 8.6250, 5, 43.1250000000);
INSERT INTO public.order_items (order_id, medicine_id, stock_id, unit_selling_price, quantity, total_amt) VALUES (5024, 1060, 4017, 5.7500, 3, 17.2500000000);
INSERT INTO public.order_items (order_id, medicine_id, stock_id, unit_selling_price, quantity, total_amt) VALUES (5025, 1004, 4006, 2.8750, 3, 8.6250000000);
INSERT INTO public.order_items (order_id, medicine_id, stock_id, unit_selling_price, quantity, total_amt) VALUES (5025, 1007, 4006, 2.8750, 6, 17.2500000000);
INSERT INTO public.order_items (order_id, medicine_id, stock_id, unit_selling_price, quantity, total_amt) VALUES (5025, 1008, 4006, 5.1750, 7, 36.2250000000);
INSERT INTO public.order_items (order_id, medicine_id, stock_id, unit_selling_price, quantity, total_amt) VALUES (5025, 1108, 4004, 9.2000, 7, 64.4000000000);
INSERT INTO public.order_items (order_id, medicine_id, stock_id, unit_selling_price, quantity, total_amt) VALUES (5025, 1043, 4003, 9.2000, 7, 64.4000000000);
INSERT INTO public.order_items (order_id, medicine_id, stock_id, unit_selling_price, quantity, total_amt) VALUES (5026, 1047, 4010, 8.6250, 9, 77.6250000000);
INSERT INTO public.order_items (order_id, medicine_id, stock_id, unit_selling_price, quantity, total_amt) VALUES (5026, 1017, 4007, 3.4500, 7, 24.1500000000);
INSERT INTO public.order_items (order_id, medicine_id, stock_id, unit_selling_price, quantity, total_amt) VALUES (5026, 1029, 4011, 9.2000, 9, 82.8000000000);
INSERT INTO public.order_items (order_id, medicine_id, stock_id, unit_selling_price, quantity, total_amt) VALUES (5026, 1019, 4007, 4.6000, 4, 18.4000000000);
INSERT INTO public.order_items (order_id, medicine_id, stock_id, unit_selling_price, quantity, total_amt) VALUES (5026, 1104, 4011, 14.0300, 9, 126.2700000000);
INSERT INTO public.order_items (order_id, medicine_id, stock_id, unit_selling_price, quantity, total_amt) VALUES (5027, 1096, 4014, 3.4500, 4, 13.8000000000);
INSERT INTO public.order_items (order_id, medicine_id, stock_id, unit_selling_price, quantity, total_amt) VALUES (5027, 1067, 4015, 2.5875, 5, 12.9375000000);
INSERT INTO public.order_items (order_id, medicine_id, stock_id, unit_selling_price, quantity, total_amt) VALUES (5027, 1068, 4018, 3.6225, 2, 7.2450000000);
INSERT INTO public.order_items (order_id, medicine_id, stock_id, unit_selling_price, quantity, total_amt) VALUES (5027, 1092, 4016, 9.2000, 6, 55.2000000000);
INSERT INTO public.order_items (order_id, medicine_id, stock_id, unit_selling_price, quantity, total_amt) VALUES (5027, 1070, 4013, 20.1250, 4, 80.5000000000);
INSERT INTO public.order_items (order_id, medicine_id, stock_id, unit_selling_price, quantity, total_amt) VALUES (5028, 1011, 4002, 2.3000, 6, 13.8000000000);
INSERT INTO public.order_items (order_id, medicine_id, stock_id, unit_selling_price, quantity, total_amt) VALUES (5028, 1012, 4004, 5.7500, 7, 40.2500000000);
INSERT INTO public.order_items (order_id, medicine_id, stock_id, unit_selling_price, quantity, total_amt) VALUES (5028, 1085, 4005, 5.1750, 4, 20.7000000000);
INSERT INTO public.order_items (order_id, medicine_id, stock_id, unit_selling_price, quantity, total_amt) VALUES (5028, 1014, 4001, 4.6000, 8, 36.8000000000);
INSERT INTO public.order_items (order_id, medicine_id, stock_id, unit_selling_price, quantity, total_amt) VALUES (5028, 1015, 4001, 2.3000, 8, 18.4000000000);
INSERT INTO public.order_items (order_id, medicine_id, stock_id, unit_selling_price, quantity, total_amt) VALUES (5029, 1094, 4012, 5.0370, 7, 35.2590000000);
INSERT INTO public.order_items (order_id, medicine_id, stock_id, unit_selling_price, quantity, total_amt) VALUES (5029, 1073, 4009, 3.7375, 4, 14.9500000000);
INSERT INTO public.order_items (order_id, medicine_id, stock_id, unit_selling_price, quantity, total_amt) VALUES (5029, 1033, 4010, 11.5000, 6, 69.0000000000);
INSERT INTO public.order_items (order_id, medicine_id, stock_id, unit_selling_price, quantity, total_amt) VALUES (5029, 1061, 4010, 13.8000, 6, 82.8000000000);
INSERT INTO public.order_items (order_id, medicine_id, stock_id, unit_selling_price, quantity, total_amt) VALUES (5029, 1035, 4009, 1.7250, 8, 13.8000000000);
INSERT INTO public.order_items (order_id, medicine_id, stock_id, unit_selling_price, quantity, total_amt) VALUES (5030, 1088, 4015, 10.0625, 3, 30.1875000000);
INSERT INTO public.order_items (order_id, medicine_id, stock_id, unit_selling_price, quantity, total_amt) VALUES (5030, 1072, 4014, 3.4500, 6, 20.7000000000);
INSERT INTO public.order_items (order_id, medicine_id, stock_id, unit_selling_price, quantity, total_amt) VALUES (5030, 1100, 4015, 11.5000, 4, 46.0000000000);
INSERT INTO public.order_items (order_id, medicine_id, stock_id, unit_selling_price, quantity, total_amt) VALUES (5030, 1051, 4016, 2.8750, 6, 17.2500000000);
INSERT INTO public.order_items (order_id, medicine_id, stock_id, unit_selling_price, quantity, total_amt) VALUES (5030, 1018, 4014, 2.8750, 3, 8.6250000000);
INSERT INTO public.order_items (order_id, medicine_id, stock_id, unit_selling_price, quantity, total_amt) VALUES (5031, 1021, 4001, 5.7500, 7, 40.2500000000);
INSERT INTO public.order_items (order_id, medicine_id, stock_id, unit_selling_price, quantity, total_amt) VALUES (5031, 1069, 4001, 1.7250, 7, 12.0750000000);
INSERT INTO public.order_items (order_id, medicine_id, stock_id, unit_selling_price, quantity, total_amt) VALUES (5031, 1023, 4001, 7.4750, 8, 59.8000000000);
INSERT INTO public.order_items (order_id, medicine_id, stock_id, unit_selling_price, quantity, total_amt) VALUES (5031, 1024, 4001, 6.9000, 3, 20.7000000000);
INSERT INTO public.order_items (order_id, medicine_id, stock_id, unit_selling_price, quantity, total_amt) VALUES (5031, 1076, 4001, 1.1500, 8, 9.2000000000);
INSERT INTO public.order_items (order_id, medicine_id, stock_id, unit_selling_price, quantity, total_amt) VALUES (5032, 1046, 4009, 2.8750, 5, 14.3750000000);
INSERT INTO public.order_items (order_id, medicine_id, stock_id, unit_selling_price, quantity, total_amt) VALUES (5032, 1080, 4012, 5.1750, 3, 15.5250000000);
INSERT INTO public.order_items (order_id, medicine_id, stock_id, unit_selling_price, quantity, total_amt) VALUES (5032, 1048, 4010, 5.7500, 8, 46.0000000000);
INSERT INTO public.order_items (order_id, medicine_id, stock_id, unit_selling_price, quantity, total_amt) VALUES (5032, 1079, 4007, 6.3250, 10, 63.2500000000);
INSERT INTO public.order_items (order_id, medicine_id, stock_id, unit_selling_price, quantity, total_amt) VALUES (5032, 1064, 4011, 13.8000, 9, 124.2000000000);
INSERT INTO public.order_items (order_id, medicine_id, stock_id, unit_selling_price, quantity, total_amt) VALUES (5033, 1053, 4013, 17.8250, 2, 35.6500000000);
INSERT INTO public.order_items (order_id, medicine_id, stock_id, unit_selling_price, quantity, total_amt) VALUES (5033, 1082, 4014, 6.9000, 3, 20.7000000000);
INSERT INTO public.order_items (order_id, medicine_id, stock_id, unit_selling_price, quantity, total_amt) VALUES (5033, 1069, 4013, 1.7250, 5, 8.6250000000);
INSERT INTO public.order_items (order_id, medicine_id, stock_id, unit_selling_price, quantity, total_amt) VALUES (5033, 1085, 4017, 5.1750, 6, 31.0500000000);
INSERT INTO public.order_items (order_id, medicine_id, stock_id, unit_selling_price, quantity, total_amt) VALUES (5033, 1023, 4013, 7.4750, 3, 22.4250000000);
INSERT INTO public.order_items (order_id, medicine_id, stock_id, unit_selling_price, quantity, total_amt) VALUES (5034, 1026, 4005, 2.8750, 7, 20.1250000000);
INSERT INTO public.order_items (order_id, medicine_id, stock_id, unit_selling_price, quantity, total_amt) VALUES (5034, 1013, 4002, 9.2000, 7, 64.4000000000);
INSERT INTO public.order_items (order_id, medicine_id, stock_id, unit_selling_price, quantity, total_amt) VALUES (5034, 1057, 4003, 2.8750, 4, 11.5000000000);
INSERT INTO public.order_items (order_id, medicine_id, stock_id, unit_selling_price, quantity, total_amt) VALUES (5034, 1040, 4003, 17.8250, 7, 124.7750000000);
INSERT INTO public.order_items (order_id, medicine_id, stock_id, unit_selling_price, quantity, total_amt) VALUES (5034, 1030, 4005, 4.0250, 6, 24.1500000000);
INSERT INTO public.order_items (order_id, medicine_id, stock_id, unit_selling_price, quantity, total_amt) VALUES (5035, 1050, 4010, 3.4500, 5, 17.2500000000);
INSERT INTO public.order_items (order_id, medicine_id, stock_id, unit_selling_price, quantity, total_amt) VALUES (5035, 1062, 4007, 14.3750, 8, 115.0000000000);
INSERT INTO public.order_items (order_id, medicine_id, stock_id, unit_selling_price, quantity, total_amt) VALUES (5035, 1057, 4009, 2.8750, 5, 14.3750000000);
INSERT INTO public.order_items (order_id, medicine_id, stock_id, unit_selling_price, quantity, total_amt) VALUES (5035, 1052, 4010, 2.8750, 5, 14.3750000000);
INSERT INTO public.order_items (order_id, medicine_id, stock_id, unit_selling_price, quantity, total_amt) VALUES (5035, 1065, 4008, 0.9775, 10, 9.7750000000);
INSERT INTO public.order_items (order_id, medicine_id, stock_id, unit_selling_price, quantity, total_amt) VALUES (5036, 1103, 4013, 6.9000, 4, 27.6000000000);
INSERT INTO public.order_items (order_id, medicine_id, stock_id, unit_selling_price, quantity, total_amt) VALUES (5036, 1025, 4017, 2.9325, 5, 14.6625000000);
INSERT INTO public.order_items (order_id, medicine_id, stock_id, unit_selling_price, quantity, total_amt) VALUES (5036, 1046, 4015, 2.8750, 6, 17.2500000000);
INSERT INTO public.order_items (order_id, medicine_id, stock_id, unit_selling_price, quantity, total_amt) VALUES (5036, 1056, 4015, 2.3000, 4, 9.2000000000);
INSERT INTO public.order_items (order_id, medicine_id, stock_id, unit_selling_price, quantity, total_amt) VALUES (5036, 1090, 4013, 8.0500, 3, 24.1500000000);
INSERT INTO public.order_items (order_id, medicine_id, stock_id, unit_selling_price, quantity, total_amt) VALUES (5037, 1009, 4002, 5.2325, 6, 31.3950000000);
INSERT INTO public.order_items (order_id, medicine_id, stock_id, unit_selling_price, quantity, total_amt) VALUES (5037, 1037, 4003, 3.4500, 5, 17.2500000000);
INSERT INTO public.order_items (order_id, medicine_id, stock_id, unit_selling_price, quantity, total_amt) VALUES (5037, 1055, 4002, 13.8000, 2, 27.6000000000);
INSERT INTO public.order_items (order_id, medicine_id, stock_id, unit_selling_price, quantity, total_amt) VALUES (5037, 1063, 4001, 6.9000, 5, 34.5000000000);
INSERT INTO public.order_items (order_id, medicine_id, stock_id, unit_selling_price, quantity, total_amt) VALUES (5037, 1034, 4004, 10.9250, 4, 43.7000000000);
INSERT INTO public.order_items (order_id, medicine_id, stock_id, unit_selling_price, quantity, total_amt) VALUES (5038, 1093, 4007, 2.8750, 3, 8.6250000000);
INSERT INTO public.order_items (order_id, medicine_id, stock_id, unit_selling_price, quantity, total_amt) VALUES (5038, 1077, 4011, 6.9000, 7, 48.3000000000);
INSERT INTO public.order_items (order_id, medicine_id, stock_id, unit_selling_price, quantity, total_amt) VALUES (5038, 1078, 4010, 5.7500, 7, 40.2500000000);
INSERT INTO public.order_items (order_id, medicine_id, stock_id, unit_selling_price, quantity, total_amt) VALUES (5038, 1020, 4007, 9.7750, 3, 29.3250000000);
INSERT INTO public.order_items (order_id, medicine_id, stock_id, unit_selling_price, quantity, total_amt) VALUES (5038, 1058, 4012, 5.7500, 5, 28.7500000000);
INSERT INTO public.order_items (order_id, medicine_id, stock_id, unit_selling_price, quantity, total_amt) VALUES (5039, 1083, 4017, 6.3250, 2, 12.6500000000);
INSERT INTO public.order_items (order_id, medicine_id, stock_id, unit_selling_price, quantity, total_amt) VALUES (5039, 1004, 4018, 2.8750, 3, 8.6250000000);
INSERT INTO public.order_items (order_id, medicine_id, stock_id, unit_selling_price, quantity, total_amt) VALUES (5039, 1098, 4017, 4.6000, 2, 9.2000000000);
INSERT INTO public.order_items (order_id, medicine_id, stock_id, unit_selling_price, quantity, total_amt) VALUES (5039, 1020, 4013, 9.7750, 2, 19.5500000000);
INSERT INTO public.order_items (order_id, medicine_id, stock_id, unit_selling_price, quantity, total_amt) VALUES (5039, 1015, 4013, 2.3000, 4, 9.2000000000);
INSERT INTO public.order_items (order_id, medicine_id, stock_id, unit_selling_price, quantity, total_amt) VALUES (5040, 1052, 4004, 2.8750, 6, 17.2500000000);
INSERT INTO public.order_items (order_id, medicine_id, stock_id, unit_selling_price, quantity, total_amt) VALUES (5040, 1042, 4003, 21.2750, 5, 106.3750000000);
INSERT INTO public.order_items (order_id, medicine_id, stock_id, unit_selling_price, quantity, total_amt) VALUES (5040, 1068, 4006, 3.6225, 8, 28.9800000000);
INSERT INTO public.order_items (order_id, medicine_id, stock_id, unit_selling_price, quantity, total_amt) VALUES (5040, 1044, 4003, 3.4500, 3, 10.3500000000);
INSERT INTO public.order_items (order_id, medicine_id, stock_id, unit_selling_price, quantity, total_amt) VALUES (5040, 1066, 4003, 2.3000, 6, 13.8000000000);
INSERT INTO public.order_items (order_id, medicine_id, stock_id, unit_selling_price, quantity, total_amt) VALUES (5041, 1091, 4011, 9.2000, 7, 64.4000000000);
INSERT INTO public.order_items (order_id, medicine_id, stock_id, unit_selling_price, quantity, total_amt) VALUES (5041, 1028, 4011, 12.0750, 3, 36.2250000000);
INSERT INTO public.order_items (order_id, medicine_id, stock_id, unit_selling_price, quantity, total_amt) VALUES (5041, 1109, 4008, 6.9000, 5, 34.5000000000);
INSERT INTO public.order_items (order_id, medicine_id, stock_id, unit_selling_price, quantity, total_amt) VALUES (5041, 1082, 4008, 6.9000, 7, 48.3000000000);
INSERT INTO public.order_items (order_id, medicine_id, stock_id, unit_selling_price, quantity, total_amt) VALUES (5041, 1039, 4009, 4.0250, 10, 40.2500000000);
INSERT INTO public.order_items (order_id, medicine_id, stock_id, unit_selling_price, quantity, total_amt) VALUES (5042, 1101, 4015, 7.6360, 4, 30.5440000000);
INSERT INTO public.order_items (order_id, medicine_id, stock_id, unit_selling_price, quantity, total_amt) VALUES (5042, 1017, 4013, 3.4500, 3, 10.3500000000);
INSERT INTO public.order_items (order_id, medicine_id, stock_id, unit_selling_price, quantity, total_amt) VALUES (5042, 1075, 4018, 3.4500, 3, 10.3500000000);
INSERT INTO public.order_items (order_id, medicine_id, stock_id, unit_selling_price, quantity, total_amt) VALUES (5042, 1104, 4017, 14.0300, 6, 84.1800000000);
INSERT INTO public.order_items (order_id, medicine_id, stock_id, unit_selling_price, quantity, total_amt) VALUES (5042, 1006, 4018, 2.8750, 4, 11.5000000000);
INSERT INTO public.order_items (order_id, medicine_id, stock_id, unit_selling_price, quantity, total_amt) VALUES (5043, 1022, 4002, 8.0500, 2, 16.1000000000);
INSERT INTO public.order_items (order_id, medicine_id, stock_id, unit_selling_price, quantity, total_amt) VALUES (5043, 1061, 4004, 13.8000, 8, 110.4000000000);
INSERT INTO public.order_items (order_id, medicine_id, stock_id, unit_selling_price, quantity, total_amt) VALUES (5043, 1053, 4001, 17.8250, 6, 106.9500000000);
INSERT INTO public.order_items (order_id, medicine_id, stock_id, unit_selling_price, quantity, total_amt) VALUES (5043, 1033, 4004, 11.5000, 6, 69.0000000000);
INSERT INTO public.order_items (order_id, medicine_id, stock_id, unit_selling_price, quantity, total_amt) VALUES (5043, 1072, 4002, 3.4500, 2, 6.9000000000);
INSERT INTO public.order_items (order_id, medicine_id, stock_id, unit_selling_price, quantity, total_amt) VALUES (5044, 1106, 4007, 13.8000, 6, 82.8000000000);
INSERT INTO public.order_items (order_id, medicine_id, stock_id, unit_selling_price, quantity, total_amt) VALUES (5044, 1107, 4012, 17.2500, 10, 172.5000000000);
INSERT INTO public.order_items (order_id, medicine_id, stock_id, unit_selling_price, quantity, total_amt) VALUES (5044, 1072, 4008, 3.4500, 4, 13.8000000000);
INSERT INTO public.order_items (order_id, medicine_id, stock_id, unit_selling_price, quantity, total_amt) VALUES (5044, 1099, 4008, 4.6000, 7, 32.2000000000);
INSERT INTO public.order_items (order_id, medicine_id, stock_id, unit_selling_price, quantity, total_amt) VALUES (5044, 1110, 4010, 10.3500, 5, 51.7500000000);
INSERT INTO public.order_items (order_id, medicine_id, stock_id, unit_selling_price, quantity, total_amt) VALUES (5045, 1001, 4018, 4.8875, 2, 9.7750000000);
INSERT INTO public.order_items (order_id, medicine_id, stock_id, unit_selling_price, quantity, total_amt) VALUES (5045, 1002, 4018, 3.4500, 2, 6.9000000000);
INSERT INTO public.order_items (order_id, medicine_id, stock_id, unit_selling_price, quantity, total_amt) VALUES (5045, 1106, 4013, 13.8000, 2, 27.6000000000);
INSERT INTO public.order_items (order_id, medicine_id, stock_id, unit_selling_price, quantity, total_amt) VALUES (5045, 1086, 4014, 6.9000, 6, 41.4000000000);
INSERT INTO public.order_items (order_id, medicine_id, stock_id, unit_selling_price, quantity, total_amt) VALUES (5045, 1005, 4018, 2.8750, 6, 17.2500000000);
INSERT INTO public.order_items (order_id, medicine_id, stock_id, unit_selling_price, quantity, total_amt) VALUES (5046, 1056, 4003, 2.3000, 2, 4.6000000000);
INSERT INTO public.order_items (order_id, medicine_id, stock_id, unit_selling_price, quantity, total_amt) VALUES (5046, 1017, 4001, 3.4500, 5, 17.2500000000);
INSERT INTO public.order_items (order_id, medicine_id, stock_id, unit_selling_price, quantity, total_amt) VALUES (5046, 1058, 4006, 5.7500, 2, 11.5000000000);
INSERT INTO public.order_items (order_id, medicine_id, stock_id, unit_selling_price, quantity, total_amt) VALUES (5046, 1075, 4006, 3.4500, 5, 17.2500000000);
INSERT INTO public.order_items (order_id, medicine_id, stock_id, unit_selling_price, quantity, total_amt) VALUES (5046, 1060, 4005, 5.7500, 8, 46.0000000000);
INSERT INTO public.order_items (order_id, medicine_id, stock_id, unit_selling_price, quantity, total_amt) VALUES (5047, 1036, 4009, 3.4500, 8, 27.6000000000);
INSERT INTO public.order_items (order_id, medicine_id, stock_id, unit_selling_price, quantity, total_amt) VALUES (5047, 1026, 4011, 2.8750, 5, 14.3750000000);
INSERT INTO public.order_items (order_id, medicine_id, stock_id, unit_selling_price, quantity, total_amt) VALUES (5047, 1038, 4009, 5.7500, 5, 28.7500000000);
INSERT INTO public.order_items (order_id, medicine_id, stock_id, unit_selling_price, quantity, total_amt) VALUES (5047, 1018, 4008, 2.8750, 8, 23.0000000000);
INSERT INTO public.order_items (order_id, medicine_id, stock_id, unit_selling_price, quantity, total_amt) VALUES (5047, 1040, 4009, 17.8250, 7, 124.7750000000);
INSERT INTO public.order_items (order_id, medicine_id, stock_id, unit_selling_price, quantity, total_amt) VALUES (5048, 1016, 4013, 5.7500, 4, 23.0000000000);
INSERT INTO public.order_items (order_id, medicine_id, stock_id, unit_selling_price, quantity, total_amt) VALUES (5048, 1027, 4017, 6.9000, 3, 20.7000000000);
INSERT INTO public.order_items (order_id, medicine_id, stock_id, unit_selling_price, quantity, total_amt) VALUES (5048, 1038, 4015, 5.7500, 5, 28.7500000000);
INSERT INTO public.order_items (order_id, medicine_id, stock_id, unit_selling_price, quantity, total_amt) VALUES (5048, 1019, 4013, 4.6000, 5, 23.0000000000);
INSERT INTO public.order_items (order_id, medicine_id, stock_id, unit_selling_price, quantity, total_amt) VALUES (5048, 1087, 4015, 4.0250, 6, 24.1500000000);
INSERT INTO public.order_items (order_id, medicine_id, stock_id, unit_selling_price, quantity, total_amt) VALUES (5049, 1045, 4003, 3.7835, 5, 18.9175000000);
INSERT INTO public.order_items (order_id, medicine_id, stock_id, unit_selling_price, quantity, total_amt) VALUES (5049, 1067, 4003, 2.5875, 8, 20.7000000000);
INSERT INTO public.order_items (order_id, medicine_id, stock_id, unit_selling_price, quantity, total_amt) VALUES (5049, 1081, 4004, 8.0500, 3, 24.1500000000);
INSERT INTO public.order_items (order_id, medicine_id, stock_id, unit_selling_price, quantity, total_amt) VALUES (5049, 1084, 4001, 6.6125, 4, 26.4500000000);
INSERT INTO public.order_items (order_id, medicine_id, stock_id, unit_selling_price, quantity, total_amt) VALUES (5049, 1070, 4001, 20.1250, 6, 120.7500000000);
INSERT INTO public.order_items (order_id, medicine_id, stock_id, unit_selling_price, quantity, total_amt) VALUES (5050, 1108, 4010, 9.2000, 6, 55.2000000000);
INSERT INTO public.order_items (order_id, medicine_id, stock_id, unit_selling_price, quantity, total_amt) VALUES (5050, 1076, 4007, 1.1500, 7, 8.0500000000);
INSERT INTO public.order_items (order_id, medicine_id, stock_id, unit_selling_price, quantity, total_amt) VALUES (5050, 1084, 4007, 6.6125, 7, 46.2875000000);
INSERT INTO public.order_items (order_id, medicine_id, stock_id, unit_selling_price, quantity, total_amt) VALUES (5050, 1069, 4007, 1.7250, 7, 12.0750000000);
INSERT INTO public.order_items (order_id, medicine_id, stock_id, unit_selling_price, quantity, total_amt) VALUES (5050, 1070, 4007, 20.1250, 10, 201.2500000000);
INSERT INTO public.order_items (order_id, medicine_id, stock_id, unit_selling_price, quantity, total_amt) VALUES (5051, 1047, 4016, 8.6250, 2, 17.2500000000);
INSERT INTO public.order_items (order_id, medicine_id, stock_id, unit_selling_price, quantity, total_amt) VALUES (5051, 1014, 4013, 4.6000, 2, 9.2000000000);
INSERT INTO public.order_items (order_id, medicine_id, stock_id, unit_selling_price, quantity, total_amt) VALUES (5051, 1033, 4016, 11.5000, 6, 69.0000000000);
INSERT INTO public.order_items (order_id, medicine_id, stock_id, unit_selling_price, quantity, total_amt) VALUES (5051, 1077, 4017, 6.9000, 2, 13.8000000000);
INSERT INTO public.order_items (order_id, medicine_id, stock_id, unit_selling_price, quantity, total_amt) VALUES (5051, 1035, 4015, 1.7250, 5, 8.6250000000);
INSERT INTO public.order_items (order_id, medicine_id, stock_id, unit_selling_price, quantity, total_amt) VALUES (5052, 1071, 4005, 3.4500, 3, 10.3500000000);
INSERT INTO public.order_items (order_id, medicine_id, stock_id, unit_selling_price, quantity, total_amt) VALUES (5052, 1027, 4005, 6.9000, 8, 55.2000000000);
INSERT INTO public.order_items (order_id, medicine_id, stock_id, unit_selling_price, quantity, total_amt) VALUES (5052, 1073, 4003, 3.7375, 3, 11.2125000000);
INSERT INTO public.order_items (order_id, medicine_id, stock_id, unit_selling_price, quantity, total_amt) VALUES (5052, 1074, 4003, 3.4500, 3, 10.3500000000);
INSERT INTO public.order_items (order_id, medicine_id, stock_id, unit_selling_price, quantity, total_amt) VALUES (5052, 1002, 4006, 3.4500, 5, 17.2500000000);
INSERT INTO public.order_items (order_id, medicine_id, stock_id, unit_selling_price, quantity, total_amt) VALUES (5053, 1086, 4008, 6.9000, 8, 55.2000000000);
INSERT INTO public.order_items (order_id, medicine_id, stock_id, unit_selling_price, quantity, total_amt) VALUES (5053, 1049, 4010, 11.5000, 4, 46.0000000000);
INSERT INTO public.order_items (order_id, medicine_id, stock_id, unit_selling_price, quantity, total_amt) VALUES (5053, 1013, 4008, 9.2000, 3, 27.6000000000);
INSERT INTO public.order_items (order_id, medicine_id, stock_id, unit_selling_price, quantity, total_amt) VALUES (5053, 1016, 4007, 5.7500, 9, 51.7500000000);
INSERT INTO public.order_items (order_id, medicine_id, stock_id, unit_selling_price, quantity, total_amt) VALUES (5053, 1068, 4012, 3.6225, 3, 10.8675000000);
INSERT INTO public.order_items (order_id, medicine_id, stock_id, unit_selling_price, quantity, total_amt) VALUES (5054, 1109, 4014, 6.9000, 6, 41.4000000000);
INSERT INTO public.order_items (order_id, medicine_id, stock_id, unit_selling_price, quantity, total_amt) VALUES (5054, 1071, 4017, 3.4500, 3, 10.3500000000);
INSERT INTO public.order_items (order_id, medicine_id, stock_id, unit_selling_price, quantity, total_amt) VALUES (5054, 1048, 4016, 5.7500, 3, 17.2500000000);
INSERT INTO public.order_items (order_id, medicine_id, stock_id, unit_selling_price, quantity, total_amt) VALUES (5054, 1055, 4014, 13.8000, 6, 82.8000000000);
INSERT INTO public.order_items (order_id, medicine_id, stock_id, unit_selling_price, quantity, total_amt) VALUES (5054, 1050, 4016, 3.4500, 4, 13.8000000000);
INSERT INTO public.order_items (order_id, medicine_id, stock_id, unit_selling_price, quantity, total_amt) VALUES (5055, 1054, 4005, 4.6000, 2, 9.2000000000);
INSERT INTO public.order_items (order_id, medicine_id, stock_id, unit_selling_price, quantity, total_amt) VALUES (5055, 1082, 4002, 6.9000, 5, 34.5000000000);
INSERT INTO public.order_items (order_id, medicine_id, stock_id, unit_selling_price, quantity, total_amt) VALUES (5055, 1083, 4005, 6.3250, 4, 25.3000000000);
INSERT INTO public.order_items (order_id, medicine_id, stock_id, unit_selling_price, quantity, total_amt) VALUES (5055, 1019, 4001, 4.6000, 8, 36.8000000000);
INSERT INTO public.order_items (order_id, medicine_id, stock_id, unit_selling_price, quantity, total_amt) VALUES (5055, 1091, 4005, 9.2000, 7, 64.4000000000);
INSERT INTO public.order_items (order_id, medicine_id, stock_id, unit_selling_price, quantity, total_amt) VALUES (5056, 1081, 4010, 8.0500, 9, 72.4500000000);
INSERT INTO public.order_items (order_id, medicine_id, stock_id, unit_selling_price, quantity, total_amt) VALUES (5056, 1088, 4009, 10.0625, 3, 30.1875000000);
INSERT INTO public.order_items (order_id, medicine_id, stock_id, unit_selling_price, quantity, total_amt) VALUES (5056, 1083, 4011, 6.3250, 6, 37.9500000000);
INSERT INTO public.order_items (order_id, medicine_id, stock_id, unit_selling_price, quantity, total_amt) VALUES (5056, 1031, 4010, 4.0250, 9, 36.2250000000);
INSERT INTO public.order_items (order_id, medicine_id, stock_id, unit_selling_price, quantity, total_amt) VALUES (5056, 1085, 4011, 5.1750, 7, 36.2250000000);
INSERT INTO public.order_items (order_id, medicine_id, stock_id, unit_selling_price, quantity, total_amt) VALUES (5057, 1094, 4018, 5.0370, 3, 15.1110000000);
INSERT INTO public.order_items (order_id, medicine_id, stock_id, unit_selling_price, quantity, total_amt) VALUES (5057, 1062, 4013, 14.3750, 4, 57.5000000000);
INSERT INTO public.order_items (order_id, medicine_id, stock_id, unit_selling_price, quantity, total_amt) VALUES (5057, 1081, 4016, 8.0500, 3, 24.1500000000);
INSERT INTO public.order_items (order_id, medicine_id, stock_id, unit_selling_price, quantity, total_amt) VALUES (5057, 1064, 4017, 13.8000, 2, 27.6000000000);
INSERT INTO public.order_items (order_id, medicine_id, stock_id, unit_selling_price, quantity, total_amt) VALUES (5057, 1065, 4014, 0.9775, 2, 1.9550000000);
INSERT INTO public.order_items (order_id, medicine_id, stock_id, unit_selling_price, quantity, total_amt) VALUES (5058, 1086, 4002, 6.9000, 6, 41.4000000000);
INSERT INTO public.order_items (order_id, medicine_id, stock_id, unit_selling_price, quantity, total_amt) VALUES (5058, 1095, 4004, 2.8750, 3, 8.6250000000);
INSERT INTO public.order_items (order_id, medicine_id, stock_id, unit_selling_price, quantity, total_amt) VALUES (5058, 1096, 4002, 3.4500, 5, 17.2500000000);
INSERT INTO public.order_items (order_id, medicine_id, stock_id, unit_selling_price, quantity, total_amt) VALUES (5058, 1089, 4006, 3.5650, 3, 10.6950000000);
INSERT INTO public.order_items (order_id, medicine_id, stock_id, unit_selling_price, quantity, total_amt) VALUES (5058, 1090, 4001, 8.0500, 8, 64.4000000000);
INSERT INTO public.order_items (order_id, medicine_id, stock_id, unit_selling_price, quantity, total_amt) VALUES (5059, 1042, 4009, 21.2750, 10, 212.7500000000);
INSERT INTO public.order_items (order_id, medicine_id, stock_id, unit_selling_price, quantity, total_amt) VALUES (5059, 1087, 4009, 4.0250, 4, 16.1000000000);
INSERT INTO public.order_items (order_id, medicine_id, stock_id, unit_selling_price, quantity, total_amt) VALUES (5059, 1074, 4009, 3.4500, 10, 34.5000000000);
INSERT INTO public.order_items (order_id, medicine_id, stock_id, unit_selling_price, quantity, total_amt) VALUES (5059, 1089, 4012, 3.5650, 3, 10.6950000000);
INSERT INTO public.order_items (order_id, medicine_id, stock_id, unit_selling_price, quantity, total_amt) VALUES (5059, 1090, 4007, 8.0500, 7, 56.3500000000);
INSERT INTO public.order_items (order_id, medicine_id, stock_id, unit_selling_price, quantity, total_amt) VALUES (5060, 1076, 4013, 1.1500, 3, 3.4500000000);
INSERT INTO public.order_items (order_id, medicine_id, stock_id, unit_selling_price, quantity, total_amt) VALUES (5060, 1089, 4018, 3.5650, 2, 7.1300000000);
INSERT INTO public.order_items (order_id, medicine_id, stock_id, unit_selling_price, quantity, total_amt) VALUES (5060, 1078, 4016, 5.7500, 5, 28.7500000000);
INSERT INTO public.order_items (order_id, medicine_id, stock_id, unit_selling_price, quantity, total_amt) VALUES (5060, 1063, 4013, 6.9000, 3, 20.7000000000);
INSERT INTO public.order_items (order_id, medicine_id, stock_id, unit_selling_price, quantity, total_amt) VALUES (5060, 1080, 4018, 5.1750, 2, 10.3500000000);
INSERT INTO public.order_items (order_id, medicine_id, stock_id, unit_selling_price, quantity, total_amt) VALUES (5061, 1088, 4003, 10.0625, 2, 20.1250000000);
INSERT INTO public.order_items (order_id, medicine_id, stock_id, unit_selling_price, quantity, total_amt) VALUES (5061, 1097, 4001, 3.4500, 6, 20.7000000000);
INSERT INTO public.order_items (order_id, medicine_id, stock_id, unit_selling_price, quantity, total_amt) VALUES (5061, 1098, 4005, 4.6000, 7, 32.2000000000);
INSERT INTO public.order_items (order_id, medicine_id, stock_id, unit_selling_price, quantity, total_amt) VALUES (5061, 1099, 4002, 4.6000, 3, 13.8000000000);
INSERT INTO public.order_items (order_id, medicine_id, stock_id, unit_selling_price, quantity, total_amt) VALUES (5061, 1100, 4003, 11.5000, 6, 69.0000000000);
INSERT INTO public.order_items (order_id, medicine_id, stock_id, unit_selling_price, quantity, total_amt) VALUES (5062, 1071, 4011, 3.4500, 3, 10.3500000000);
INSERT INTO public.order_items (order_id, medicine_id, stock_id, unit_selling_price, quantity, total_amt) VALUES (5062, 1075, 4012, 3.4500, 4, 13.8000000000);
INSERT INTO public.order_items (order_id, medicine_id, stock_id, unit_selling_price, quantity, total_amt) VALUES (5062, 1034, 4010, 10.9250, 8, 87.4000000000);
INSERT INTO public.order_items (order_id, medicine_id, stock_id, unit_selling_price, quantity, total_amt) VALUES (5062, 1092, 4010, 9.2000, 8, 73.6000000000);
INSERT INTO public.order_items (order_id, medicine_id, stock_id, unit_selling_price, quantity, total_amt) VALUES (5062, 1105, 4010, 16.3300, 10, 163.3000000000);
INSERT INTO public.order_items (order_id, medicine_id, stock_id, unit_selling_price, quantity, total_amt) VALUES (5063, 1009, 4014, 5.2325, 6, 31.3950000000);
INSERT INTO public.order_items (order_id, medicine_id, stock_id, unit_selling_price, quantity, total_amt) VALUES (5063, 1073, 4015, 3.7375, 6, 22.4250000000);
INSERT INTO public.order_items (order_id, medicine_id, stock_id, unit_selling_price, quantity, total_amt) VALUES (5063, 1093, 4013, 2.8750, 2, 5.7500000000);
INSERT INTO public.order_items (order_id, medicine_id, stock_id, unit_selling_price, quantity, total_amt) VALUES (5063, 1079, 4013, 6.3250, 2, 12.6500000000);
INSERT INTO public.order_items (order_id, medicine_id, stock_id, unit_selling_price, quantity, total_amt) VALUES (5063, 1095, 4016, 2.8750, 3, 8.6250000000);
INSERT INTO public.order_items (order_id, medicine_id, stock_id, unit_selling_price, quantity, total_amt) VALUES (5064, 1101, 4003, 7.6360, 2, 15.2720000000);
INSERT INTO public.order_items (order_id, medicine_id, stock_id, unit_selling_price, quantity, total_amt) VALUES (5064, 1106, 4001, 13.8000, 8, 110.4000000000);
INSERT INTO public.order_items (order_id, medicine_id, stock_id, unit_selling_price, quantity, total_amt) VALUES (5064, 1103, 4001, 6.9000, 8, 55.2000000000);
INSERT INTO public.order_items (order_id, medicine_id, stock_id, unit_selling_price, quantity, total_amt) VALUES (5064, 1094, 4006, 5.0370, 7, 35.2590000000);
INSERT INTO public.order_items (order_id, medicine_id, stock_id, unit_selling_price, quantity, total_amt) VALUES (5064, 1105, 4004, 16.3300, 7, 114.3100000000);
INSERT INTO public.order_items (order_id, medicine_id, stock_id, unit_selling_price, quantity, total_amt) VALUES (5065, 1025, 4011, 2.9325, 9, 26.3925000000);
INSERT INTO public.order_items (order_id, medicine_id, stock_id, unit_selling_price, quantity, total_amt) VALUES (5065, 1067, 4009, 2.5875, 9, 23.2875000000);
INSERT INTO public.order_items (order_id, medicine_id, stock_id, unit_selling_price, quantity, total_amt) VALUES (5065, 1098, 4011, 4.6000, 5, 23.0000000000);
INSERT INTO public.order_items (order_id, medicine_id, stock_id, unit_selling_price, quantity, total_amt) VALUES (5065, 1032, 4011, 16.1000, 7, 112.7000000000);
INSERT INTO public.order_items (order_id, medicine_id, stock_id, unit_selling_price, quantity, total_amt) VALUES (5065, 1100, 4009, 11.5000, 6, 69.0000000000);
INSERT INTO public.order_items (order_id, medicine_id, stock_id, unit_selling_price, quantity, total_amt) VALUES (5066, 1099, 4014, 4.6000, 3, 13.8000000000);
INSERT INTO public.order_items (order_id, medicine_id, stock_id, unit_selling_price, quantity, total_amt) VALUES (5066, 1107, 4018, 17.2500, 5, 86.2500000000);
INSERT INTO public.order_items (order_id, medicine_id, stock_id, unit_selling_price, quantity, total_amt) VALUES (5066, 1012, 4016, 5.7500, 3, 17.2500000000);
INSERT INTO public.order_items (order_id, medicine_id, stock_id, unit_selling_price, quantity, total_amt) VALUES (5066, 1003, 4018, 4.6000, 5, 23.0000000000);
INSERT INTO public.order_items (order_id, medicine_id, stock_id, unit_selling_price, quantity, total_amt) VALUES (5066, 1110, 4016, 10.3500, 6, 62.1000000000);


--
-- Data for Name: role; Type: TABLE DATA; Schema: public; Owner: postgres
--

INSERT INTO public.role (role_id, role_desc) VALUES (3, 'CUSTOMER');
INSERT INTO public.role (role_id, role_desc) VALUES (1, 'MANAGER');
INSERT INTO public.role (role_id, role_desc) VALUES (2, 'STAFF');


--
-- Data for Name: role_mapping; Type: TABLE DATA; Schema: public; Owner: postgres
--

INSERT INTO public.role_mapping (user_id, role_id, isactive, create_date, end_date, modified_date) VALUES (203, 1, 'Y', '2010-06-09', '2120-06-09', '2020-06-09');
INSERT INTO public.role_mapping (user_id, role_id, isactive, create_date, end_date, modified_date) VALUES (205, 1, 'Y', '2010-06-09', '2120-06-09', '2020-06-09');
INSERT INTO public.role_mapping (user_id, role_id, isactive, create_date, end_date, modified_date) VALUES (207, 1, 'Y', '2010-06-09', '2120-06-09', '2020-06-09');
INSERT INTO public.role_mapping (user_id, role_id, isactive, create_date, end_date, modified_date) VALUES (201, 2, 'Y', '2010-06-09', '2120-06-09', '2020-06-09');
INSERT INTO public.role_mapping (user_id, role_id, isactive, create_date, end_date, modified_date) VALUES (202, 2, 'Y', '2010-06-09', '2120-06-09', '2020-06-09');
INSERT INTO public.role_mapping (user_id, role_id, isactive, create_date, end_date, modified_date) VALUES (204, 2, 'Y', '2010-06-09', '2120-06-09', '2020-06-09');
INSERT INTO public.role_mapping (user_id, role_id, isactive, create_date, end_date, modified_date) VALUES (206, 2, 'Y', '2010-06-09', '2120-06-09', '2020-06-09');
INSERT INTO public.role_mapping (user_id, role_id, isactive, create_date, end_date, modified_date) VALUES (208, 2, 'Y', '2010-06-09', '2120-06-09', '2020-06-09');
INSERT INTO public.role_mapping (user_id, role_id, isactive, create_date, end_date, modified_date) VALUES (209, 2, 'Y', '2010-06-09', '2120-06-09', '2020-06-09');
INSERT INTO public.role_mapping (user_id, role_id, isactive, create_date, end_date, modified_date) VALUES (101, 3, 'Y', '2020-06-30', NULL, '2020-06-30');
INSERT INTO public.role_mapping (user_id, role_id, isactive, create_date, end_date, modified_date) VALUES (102, 3, 'Y', '2020-06-30', NULL, '2020-06-30');
INSERT INTO public.role_mapping (user_id, role_id, isactive, create_date, end_date, modified_date) VALUES (103, 3, 'Y', '2020-06-30', NULL, '2020-06-30');
INSERT INTO public.role_mapping (user_id, role_id, isactive, create_date, end_date, modified_date) VALUES (104, 3, 'Y', '2020-06-30', NULL, '2020-06-30');
INSERT INTO public.role_mapping (user_id, role_id, isactive, create_date, end_date, modified_date) VALUES (105, 3, 'Y', '2020-06-30', NULL, '2020-06-30');
INSERT INTO public.role_mapping (user_id, role_id, isactive, create_date, end_date, modified_date) VALUES (106, 3, 'Y', '2020-06-30', NULL, '2020-06-30');
INSERT INTO public.role_mapping (user_id, role_id, isactive, create_date, end_date, modified_date) VALUES (107, 3, 'Y', '2020-06-30', NULL, '2020-06-30');
INSERT INTO public.role_mapping (user_id, role_id, isactive, create_date, end_date, modified_date) VALUES (108, 3, 'Y', '2020-06-30', NULL, '2020-06-30');
INSERT INTO public.role_mapping (user_id, role_id, isactive, create_date, end_date, modified_date) VALUES (109, 3, 'Y', '2020-06-30', NULL, '2020-06-30');
INSERT INTO public.role_mapping (user_id, role_id, isactive, create_date, end_date, modified_date) VALUES (110, 3, 'Y', '2020-06-30', NULL, '2020-06-30');
INSERT INTO public.role_mapping (user_id, role_id, isactive, create_date, end_date, modified_date) VALUES (111, 3, 'Y', '2020-06-30', NULL, '2020-06-30');
INSERT INTO public.role_mapping (user_id, role_id, isactive, create_date, end_date, modified_date) VALUES (112, 3, 'Y', '2020-06-30', NULL, '2020-06-30');
INSERT INTO public.role_mapping (user_id, role_id, isactive, create_date, end_date, modified_date) VALUES (113, 3, 'Y', '2020-06-30', NULL, '2020-06-30');


--
-- Data for Name: staff_details; Type: TABLE DATA; Schema: public; Owner: postgres
--

INSERT INTO public.staff_details (staff_id, ssn, date_of_joining, salary, store_id, role) VALUES (201, 837540856, '2009-03-30', 36222, 1, 'S');
INSERT INTO public.staff_details (staff_id, ssn, date_of_joining, salary, store_id, role) VALUES (202, 780850676, '2014-11-14', 45840, 1, 'S');
INSERT INTO public.staff_details (staff_id, ssn, date_of_joining, salary, store_id, role) VALUES (203, 414704076, '2003-03-14', 39602, 1, 'M');
INSERT INTO public.staff_details (staff_id, ssn, date_of_joining, salary, store_id, role) VALUES (204, 504409575, '2011-03-31', 31956, 2, 'S');
INSERT INTO public.staff_details (staff_id, ssn, date_of_joining, salary, store_id, role) VALUES (205, 690525890, '2010-07-08', 37054, 2, 'M');
INSERT INTO public.staff_details (staff_id, ssn, date_of_joining, salary, store_id, role) VALUES (206, 451830455, '2018-05-19', 38077, 2, 'S');
INSERT INTO public.staff_details (staff_id, ssn, date_of_joining, salary, store_id, role) VALUES (207, 539311187, '2008-04-13', 37006, 3, 'M');
INSERT INTO public.staff_details (staff_id, ssn, date_of_joining, salary, store_id, role) VALUES (208, 145658764, '2010-06-03', 38686, 3, 'S');
INSERT INTO public.staff_details (staff_id, ssn, date_of_joining, salary, store_id, role) VALUES (209, 895775139, '2006-12-07', 36204, 3, 'S');


--
-- Name: category_category_id_seq; Type: SEQUENCE SET; Schema: public; Owner: postgres
--

SELECT pg_catalog.setval('public.category_category_id_seq', 1, false);


--
-- Name: customers_cust_id_seq; Type: SEQUENCE SET; Schema: public; Owner: postgres
--

SELECT pg_catalog.setval('public.customers_cust_id_seq', 1, false);


--
-- Name: medicine_medicine_id_seq; Type: SEQUENCE SET; Schema: public; Owner: postgres
--

SELECT pg_catalog.setval('public.medicine_medicine_id_seq', 1, false);


--
-- Name: orders_order_id_seq; Type: SEQUENCE SET; Schema: public; Owner: postgres
--

SELECT pg_catalog.setval('public.orders_order_id_seq', 1, false);


--
-- Name: staff_staff_id_seq; Type: SEQUENCE SET; Schema: public; Owner: postgres
--

SELECT pg_catalog.setval('public.staff_staff_id_seq', 1, false);


--
-- Name: stock_stock_id_seq; Type: SEQUENCE SET; Schema: public; Owner: postgres
--

SELECT pg_catalog.setval('public.stock_stock_id_seq', 1, false);


--
-- Name: store_store_id_seq; Type: SEQUENCE SET; Schema: public; Owner: postgres
--

SELECT pg_catalog.setval('public.store_store_id_seq', 1, false);


--
-- Name: supplier_supplier_id_seq; Type: SEQUENCE SET; Schema: public; Owner: postgres
--

SELECT pg_catalog.setval('public.supplier_supplier_id_seq', 1, false);


--
-- PostgreSQL database dump complete
--

